INDEX,SOURCE,NOM DU LIEU,ADRESSE,TELEPHONE,URL,PUBLICS,TYPOLOGIE,DESCRIPTION,LOGO,IMAGE,MODÈLE JURIDIQUE,DEPARTEMENT,latitude,longitude,result_label,result_score,result_type,result_id,result_housenumber,result_name,result_street,result_postcode,result_city,result_context,result_citycode,result_oldcitycode,result_oldcity,result_district,lat,lon,T,D,C,O,T_,D_,C_,O_,CONCAT_TYPO,DEPARTEMENT_NOM
1,CGET,La Chapelle Coworking,134 Rue Paul Bellamy 44000 Nantes,06 26 41 30 90,https://www.la-chapelle-coworking.fr,Professionnels,T,L’espace a vocation à accueillir les travailleurs indépendants de toute profession qui cherchent un endroit convivial pour travailler à Nantes. ,http://la-chapelle-coworking.fr/wp-content/uploads/2015/10/chapelle_logo_3colors_narrow.jpg,http://la-chapelle-coworking.fr/wp-content/uploads/2015/10/MG_51911-e1444761852788.jpg,Entreprise,44,47.228354,-1.561639,134 Rue Paul Bellamy 44000 Nantes,0.96,housenumber,44109_6200_00134,134,Rue Paul Bellamy,,44000,Nantes,44  Loire-Atlantique  Pays de la Loire,44109,,,,47.228354,-1.561639,T,,,,Renouveler le travail,,,,Renouveler le travail---,Loire-Atlantique
2,CGET,Dot Parade,3 Rue Mercœur 44000 Nantes,Non renseigné,https://www.dotparade.com,Professionnels,T,Dot Parade  né en avril 2011  a pour volonté d’accueillir au sein de ses locaux des freelances de divers horizons professionnels afin de créer une dynamique d’échange entre entrepreneurs. Son objectif principal est de mettre en relation ses savoir-faire  de créer un réseau de professionnels qui puissent par leurs interactions encourager le développement des structures et la réussite de chacun.,http://www.dotparade.com/site/wp-content/uploads/2018/02/dot_parade.png,http://www.dotparade.com/site/wp-content/uploads/2014/04/dot_parade_20141.jpg,Association,44,47.217239,-1.560024,3 Rue Mercoeur 44000 Nantes,0.96,housenumber,44109_5592_00003,3,Rue Mercoeur,,44000,Nantes,44  Loire-Atlantique  Pays de la Loire,44109,,,,47.217239,-1.560024,T,,,,Renouveler le travail,,,,Renouveler le travail---,Loire-Atlantique
3,CGET,Espace Esperluette,2 Place Dumoustier 44000 Nantes,09 83 93 27 43 ,http://www.espace-esperluette.fr,Professionnels,T,L’Esperluette est un espace de coworking associatif à Nantes  né en 2013. Ce sont 9 coworkers résidents. Animés par l’esprit collaboratif  ils favorisent les projets entre coworkers et se singularisent par la diversité des métiers présents.,http://www.espace-esperluette.fr/wp-content/themes/esperluette/img/logo-esperluette-coworking-nantes.png,http://www.espace-esperluette.fr/wp-content/uploads/2016/02/coworking-nantes.jpg,Association,44,47.218265,-1.552225,2 Place Dumoustier 44000 Nantes,0.96,housenumber,44109_2632_00002,2,Place Dumoustier,,44000,Nantes,44  Loire-Atlantique  Pays de la Loire,44109,,,,47.218265,-1.552225,T,,,,Renouveler le travail,,,,Renouveler le travail---,Loire-Atlantique
4,CGET,Startup Palace,18 Rue Scribe 44000 Nantes,02 85 52 43 74,https://www.startup-palace.com,Professionnels,T,Startup Palace est un lieu d'exception en plein centre-ville de Nantes où se côtoient au quotidien plus de 25 startups. ,https://media.licdn.com/dms/image/C4D0BAQH9hmlbUw38Cw/company-logo_200_200/0?e=2159024400&v=beta&t=BsxClLqjjA8zLozSWcHez0tGrQN309nwQcgpjiVABS8,https://www.startup-palace.com/img/locaux.jpg,Entreprise,44,47.214068,-1.562182,18 Rue Scribe 44000 Nantes,0.96,housenumber,44109_7856_00018,18,Rue Scribe,,44000,Nantes,44  Loire-Atlantique  Pays de la Loire,44109,,,,47.214068,-1.562182,T,,,,Renouveler le travail,,,,Renouveler le travail---,Loire-Atlantique
5,CGET,La Prairie,22 Rue des Olivettes 44000 Nantes,Non renseigné,http://www.alaprairie.fr/,Professionnels,T,Située rue des Olivettes au centre ville de Nantes  la Prairie se compose de quatre open space - l’estive  la vallée  la clairière  le perchoir- mais aussi de grands espaces communs et d’une cuisine pour faciliter les échanges et les collaborations.,http://www.alaprairie.fr/wp-content/uploads/2016/10/LOGOlaprairie-generique-01-1024x724-1.png,http://www.alaprairie.fr/wp-content/uploads/2016/10/Laprairie.png,Entreprise,44,47.210831,-1.549439,22 Rue des Olivettes 44000 Nantes,0.96,housenumber,44109_6012_00022,22,Rue des Olivettes,,44000,Nantes,44  Loire-Atlantique  Pays de la Loire,44109,,,,47.210831,-1.549439,T,,,,Renouveler le travail,,,,Renouveler le travail---,Loire-Atlantique
6,CGET,La Corderie,2 bis Rue Urvoy de Saint-Bedan 44000 Nantes,06 52 51 98 28,http://www.coworking-nantes-corderie.fr/,Professionnels,T,Les espaces de Coworking de La Corderie permettent d’avoir un pied à terre dans le coeur de la ville de Nantes proche de toutes commodités (transport et restauration). ,http://www.coworking-nantes-corderie.fr/images/logo-white.png,http://www.coworking-nantes-corderie.fr/images/header/slide2_coworking_nantes_corderie.jpg,Entreprise,44,47.213182,-1.566044,2 bis Rue Urvoy de Saint Bedan 44000 Nantes,0.96,housenumber,44109_8276_00002_bis,,Rue Urvoy de Saint Bedan,,44000,Nantes,44  Loire-Atlantique  Pays de la Loire,44109,,,,47.213182,-1.566044,T,,,,Renouveler le travail,,,,Renouveler le travail---,Loire-Atlantique
7,CGET,DOJO Nantes,26 Boulevard Stalingrad 44000 Nantes,06 44 66 00 58,https://www.dojonantes.com,Professionnels,T,"DOJO Nantes est une grande colloc’ pour entrepreneurs située pile en face de la gare de Nantes.
C'est un lieu qui se veut vertueux pour l’écosystème startup nantais  basé sur des valeurs fortes : transparence  honnêteté  radicalité ; et d’un motto dans le même mood et tout aussi clair : 0% bullshit  100% care !",https://images.squarespace-cdn.com/content/59a6a710d55b419bd793abc5/1504103688388-3CB98CO8OD1LYDEWU1JT/Logo_ICON_NEG_transparent.png?format=1000w&content-type=image%2Fpng,https://images.squarespace-cdn.com/content/v1/59a6a710d55b419bd793abc5/1504101680650-DT219XZ6XOIB5W5VBWLX/ke17ZwdGBToddI8pDm48kFQQgP34qnCpeHaeAOzTt7pZw-zPPgdn4jUwVcJE1ZvWQUxwkmyExglNqGp0IvTJZamWLI2zvYWH8K3-s_4yszcp2ryTI0HqTOaaUohrI8PIedjZT6_OBzi2ofH1EqNdNeCRxNMlbxs9807lIebBlcA/DOJOcoworkingopenspace.png?format=500w,Entreprise,44,47.217905,-1.542937,26 Boulevard de Stalingrad 44000 Nantes,0.89,housenumber,44109_7964_00026,26,Boulevard de Stalingrad,,44000,Nantes,44  Loire-Atlantique  Pays de la Loire,44109,,,,47.217905,-1.542937,T,,,,Renouveler le travail,,,,Renouveler le travail---,Loire-Atlantique
8,CGET,Le 144,144 Rue Paul Bellamy 44000 Nantes,02 49 09 24 90,https://www.le144-coworking.fr/,Professionnels,T,Bureaux privés et partagés  open-space  salles de réunion et salles de formation… Cet espace  au cœur de la rue Paul Bellamy  propose une ambiance conviviale  des coins cosys et aussi de grands événements qui ponctuent régulièrement les journées de travail. ,https://www.le144-coworking.fr/wp-content/themes/le144_v2/img/logo.png,https://www.le144-coworking.fr/wp-content/uploads/2020/01/decouvrez-le-144-coworking.jpg,Entreprise,44,47.229071,-1.562215,144 Rue Paul Bellamy 44000 Nantes,0.96,housenumber,44109_6200_00144,144,Rue Paul Bellamy,,44000,Nantes,44  Loire-Atlantique  Pays de la Loire,44109,,,,47.229071,-1.562215,T,,,,Renouveler le travail,,,,Renouveler le travail---,Loire-Atlantique
9,CGET,La petite Serre,23 Rue Gambetta 44000 Nantes,06 60 35 85 02,http://lapetiteserre.com,Professionnels,T,La petite Serre est née de la volonté de proposer  aux entrepreneurs  responsables d’antenne régionale  indépendants … un contexte de travail qui  de par les interlocuteurs présents et les rencontres proposées  permette très concrètement de faciliter le développement des entreprises et l’épanouissement des hommes qui les gèrent.,https://www.lapetiteserre.com/wp-content/uploads/2017/03/la-petite-serre-logo.png,https://www.lapetiteserre.com/wp-content/uploads/2017/03/espace-commun-lapetiteserre-miniature.jpg,Association,44,47.220417,-1.546169,23 Rue Gambetta 44000 Nantes,0.96,housenumber,44109_3448_00023,23,Rue Gambetta,,44000,Nantes,44  Loire-Atlantique  Pays de la Loire,44109,,,,47.220417,-1.546169,T,,,,Renouveler le travail,,,,Renouveler le travail---,Loire-Atlantique
10,CGET,Vacouva,43 Quai de Malakoff 44000 Nantes,02 40 74 96 77,https://www.vacouva.fr/,Professionnels,T,Ancré au coeur de Nantes  dans le quartier dynamique EuroNantes/Gare Sud  Vacouva est un lieu inspirant de travail et de rencontres  un espace créatif pour booster l'esprit d’entreprise. ,https://scontent-cdg2-1.xx.fbcdn.net/v/t1.0-9/p960x960/64609514_655514921538662_3871058456291049472_o.jpg?_nc_cat=111&_nc_oc=AQlzCVRbObAjinVcFAKlrKWONMmSthJbJ3GDALa8rvqjNjjz4ZYVAwSYOljzYzqPSiu00Qgc3PY7TKYoB5nQTBH3&_nc_ht=scontent-cdg2-1.xx&oh=06d26c0c2a910c3fe993cf88f622323d&oe=5E51F363,https://www.vacouva.fr/wp-content/uploads/2017/12/Unknown-740x494.jpg,Entreprise,44,47.214658,-1.541114,43 Quai Malakoff 44000 Nantes,0.88,housenumber,44109_5252_00043,43,Quai Malakoff,,44000,Nantes,44  Loire-Atlantique  Pays de la Loire,44109,,,,47.214658,-1.541114,T,,,,Renouveler le travail,,,,Renouveler le travail---,Loire-Atlantique
11,CGET,Work'in salorges,16 Quai Ernest Renaud 44100 Nantes,02 40 44 63 70,https://www.work-in-salorges.fr/des-espaces-dedies-pour-le-coworking,Professionnels,T,Work'in salorges sait que les manières de travailler évoluent. L'entreprise n'est plus le lieu unique où les collaborateurs se retrouvent. Pour répondre à cette nouvelle demande  sont mises à disposition des Work Box ouvertes en accès libre  avec un accès Wi-fi illimité  pour permettre de travailler librement et en toute tranquilité !,https://www.work-in-salorges.fr/themes/custom/cci_workin/logo.svg,https://www.work-in-salorges.fr/sites/default/files/styles/page_full_desktop/public/2019-11/Work_Box-vide_5_banniere_0.jpg?itok=ouHw9Lln,Entreprise,44,47.205689,-1.574332,16 Quai Ernest Renaud 44100 Nantes,0.96,housenumber,44109_2890_00016,16,Quai Ernest Renaud,,44100,Nantes,44  Loire-Atlantique  Pays de la Loire,44109,,,,47.205689,-1.574332,T,,,,Renouveler le travail,,,,Renouveler le travail---,Loire-Atlantique
12,CGET,Labo Arts & Techs / Stereolux,4 boulevard Léon Bureau 44000 Nantes,02 40 43 20 43,http://www.stereolux.org/labo-arts-techs/presentation,Citoyens – Professionnels,O-D,Le Laboratoire Arts et Technologies de Stereolux est un espace dédié à l’expérimentation se situant à la jonction des arts numériques  de la recherche et de l'industrie. Il cherche à promouvoir et accompagner les transitions technologiques  d’usages ou culturelles. Il contribue ainsi activement aux multiples réflexions autour des technologies numériques et de leur devenir.,https://www.stereolux.org/sites/all/themes/tssks/img/website-logo.png,https://www.stereolux.org/sites/default/files/styles/galerie_photos_slider_miniature/public/ged/labo%20location8466916595_e54cbab939_o.jpg?itok=MBZpvlXn,Association,44,47.206299,-1.564215,4 Boulevard Léon Bureau 44200 Nantes,0.87,housenumber,44109_4904_00004,4,Boulevard Léon Bureau,,44200,Nantes,44  Loire-Atlantique  Pays de la Loire,44109,,,,47.206299,-1.564215,,D,,O,,Découvrir collectivement,,Œuvrer ensemble,-Découvrir collectivement--Œuvrer ensemble,Loire-Atlantique
13,CGET,ADE Nantes,9 Rue du Petit Châtelier 44300 Nantes,09 51 33 36 13,https://www.ade-coworking.net,Professionnels,T,L'Atelier Des Entreprises regroupe des sociétés d'horizons très différents  du monde de la startup au suivi de chantier. ,https://static.wixstatic.com/media/45ae59_cf6964f4905247188e5db881aa58c47d.png/v1/fill/w_190 h_78 al_c q_80 usm_0.66_1.00_0.01/45ae59_cf6964f4905247188e5db881aa58c47d.webp,https://static.wixstatic.com/media/45ae59_9b60be0e70f849dfa3f9178d6c084ccc~mv2_d_4640_3480_s_4_2.jpg/v1/fill/w_560 h_517 al_c q_80 usm_0.66_1.00_0.01/45ae59_9b60be0e70f849dfa3f9178d6c084ccc~mv2_d_4640_3480_s_4_2.webp,Entreprise,44,47.246131,-1.505387,9 Rue du Petit Chatelier 44300 Nantes,0.96,housenumber,44109_6429_00009,9,Rue du Petit Chatelier,,44300,Nantes,44  Loire-Atlantique  Pays de la Loire,44109,,,,47.246131,-1.505387,T,,,,Renouveler le travail,,,,Renouveler le travail---,Loire-Atlantique
14,PiNG – CGET,La Cantine numérique,11 Rue la noue bras de fer 44200 Nantes,02 40 75 96 22,https://www.lacantine.co/,Professionnels,T,Les espaces de coworking de La Cantine permettent d’avoir un pied à terre ponctuel au cœur de Nantes  de développer une idée en mode projet sur une période définie ou de poser ses valises sur une durée indéterminée.,https://www.lacantine.co/wp-content/themes/atlantic/img/logo.png,https://www.lacantine.co/wp-content/uploads/2018/07/IMG_6920.jpg,Association,44,47.207157,-1.558662,11 Rue la Noue Bras de Fer 44200 Nantes,0.96,housenumber,44109_3183_00011,11,Rue la Noue Bras de Fer,,44200,Nantes,44  Loire-Atlantique  Pays de la Loire,44109,,,,47.207157,-1.558662,T,,,,Renouveler le travail,,,,Renouveler le travail---,Loire-Atlantique
15,CGET,La Cordée Nantes,32bis rue Fouré 44000 Nantes  ,Non renseigné,http://www.la-cordee.net/cordee/nantes/foure,Professionnels,T,Plus qu’un espace de coworking  la Cordée est une communauté. Ses membres viennent partager des moments conviviaux  échanger sur leurs projets  travailler ensemble  continuer d’apprendre  ou tout simplement rire autour d’un café. La Cordée organise avec eux de nombreux événements pour que chacun puisse trouver le contact  l’aide ou le support dont il a besoin.,https://www.la-cordee.net/wp-content/uploads/CORDEE_LOGO.png,https://www.la-cordee.net/wp-content/uploads/P15-495x400.jpg,Entreprise,44,47.212009,-1.546843,32 bis Rue Fouré 44000 Nantes,0.87,housenumber,44109_3252_00032_bis,,Rue Fouré,,44000,Nantes,44  Loire-Atlantique  Pays de la Loire,44109,,,,47.212009,-1.546843,T,,,,Renouveler le travail,,,,Renouveler le travail---,Loire-Atlantique
16,CGET,L’Atelier 9,9 Rue des Olivettes 44000 Nantes,06 63 67 03 49,https://www.facebook.com/CoWorkAtelier9/,Professionnels,T,L’Atelier 9 est un lieu de coworking en plein cœur de Nantes. Espace partagé de 200 m2  au fond d’une jolie cour arborée  où les occupants s’affairent… en toute convivialité.,https://scontent-cdg2-1.xx.fbcdn.net/v/t1.0-9/32290021_442986052807055_4649797024181387264_n.jpg?_nc_cat=108&_nc_oc=AQn6bpndFOLFbpyFvhFmwADsTGDajjVAgYU8hCEfEMuhjCvl0rJMJIcizZi0U824z-SqtZDw3Brdm8mcOcJzcJ3Q&_nc_ht=scontent-cdg2-1.xx&oh=263dfb0e3eda9182464afd072f737fe0&oe=5E519F98,https://invest.nantes-saintnazaire.fr/files/nantes-saint-nazaire-professional-premises-5f52090d-d6a3-4f5a-970a-3fc08353cc9e-1718311532-preview.jpg,Association,44,47.212336,-1.550133,9 Rue des Olivettes 44000 Nantes,0.96,housenumber,44109_6012_00009,9,Rue des Olivettes,,44000,Nantes,44  Loire-Atlantique  Pays de la Loire,44109,,,,47.212336,-1.550133,T,,,,Renouveler le travail,,,,Renouveler le travail---,Loire-Atlantique
17,CRESS,La Conciergerie Coworking,20 Mail des Chantiers 44000 Nantes,02 85 52 83 24,https://www.laconciergeriedequartier.fr/coworking,Professionnels,T,La Conciergerie-Labo de Quartier  structure créée en 2013 sous forme d’association  est depuis avril 2018 une Société Coopérative d’Intérêt Collectif dont l’objectif est de déployer une offre de services et d’animations sur les espaces communs de l’île de Nantes  afin de développer la vie de quartier et de favoriser le vivre-ensemble en ville. Dès 2013  les objectifs du projet étaient de travailler sur la mixité sociale  la mutualisation des espaces et l’animation des rez-de-chaussée. Après l'ouverture d'un premier lieu d'expérimentation en 2016  nous avons ouvert en octobre 2018 'La Conciergerie du Parc' où l'on peut retrouver ses services et animations sur plus de 400 m². Aujourd’hui les bâtiments et les espaces sortent de terre  la vie de quartier  elle  existe déjà...,https://user-images.strikinglycdn.com/res/hrscywv4p/image/upload/c_limit fl_lossy h_1440 w_720 f_auto q_auto/1168946/ruf2vpjmzuaqxodzqlq6.png,https://user-images.strikinglycdn.com/res/hrscywv4p/image/upload/c_limit fl_lossy h_1440 w_720 f_auto q_auto/1168946/brillard-DSCF4736-BD_xeb4iw.jpg,SCIC,44,47.204824,-1.567963,20 Mail des Chantiers 44200 Nantes,0.86,housenumber,44109_1631_00020,20,Mail des Chantiers,,44200,Nantes,44  Loire-Atlantique  Pays de la Loire,44109,,,,47.204824,-1.567963,T,,,,Renouveler le travail,,,,Renouveler le travail---,Loire-Atlantique
18,CRESS,La Conciergerie du Parc,24 Mail des Chantiers 44000 Nantes,02 85 52 83 24,https://www.laconciergeriedequartier.fr/,Citoyens,T-D-C,La Conciergerie-Labo de Quartier  structure créée en 2013 sous forme d’association  est depuis avril 2018 une Société Coopérative d’Intérêt Collectif dont l’objectif est de déployer une offre de services et d’animations sur les espaces communs de l’île de Nantes  afin de développer la vie de quartier et de favoriser le vivre-ensemble en ville. Dès 2013  les objectifs du projet étaient de travailler sur la mixité sociale  la mutualisation des espaces et l’animation des rez-de-chaussée. Après l'ouverture d'un premier lieu d'expérimentation en 2016  ils ont ouvert en octobre 2018 'La Conciergerie du Parc' où l'on peut retrouver leurs services et animations sur plus de 400 m². Aujourd’hui les bâtiments et les espaces sortent de terre  la vie de quartier  elle  existe déjà...,https://user-images.strikinglycdn.com/res/hrscywv4p/image/upload/c_limit fl_lossy h_1440 w_720 f_auto q_auto/1168946/ruf2vpjmzuaqxodzqlq6.png,https://user-images.strikinglycdn.com/res/hrscywv4p/image/upload/c_limit fl_lossy h_1440 w_720 f_auto q_auto/1168946/bshekjgnqotjdku56uuh.png,SCIC,44,47.204778,-1.5682,24 Mail des Chantiers 44200 Nantes,0.86,housenumber,44109_1631_00024,24,Mail des Chantiers,,44200,Nantes,44  Loire-Atlantique  Pays de la Loire,44109,,,,47.204778,-1.5682,T,D,C,,Renouveler le travail,Découvrir collectivement,Repenser sa consommation,,Renouveler le travail-Découvrir collectivement-Repenser sa consommation-,Loire-Atlantique
19,CRESS,La Conciergerie du Front Pop',1 Mail du Front Populaire 44000 Nantes,02 85 52 83 24,https://www.laconciergeriedequartier.fr/,Citoyens,T-D-C,La Conciergerie-Labo de Quartier  structure créée en 2013 sous forme d’association  est depuis avril 2018 une Société Coopérative d’Intérêt Collectif dont l’objectif est de déployer une offre de services et d’animations sur les espaces communs de l’île de Nantes  afin de développer la vie de quartier et de favoriser le vivre-ensemble en ville. Dès 2013  les objectifs du projet étaient de travailler sur la mixité sociale  la mutualisation des espaces et l’animation des rez-de-chaussée. Après l'ouverture d'un premier lieu d'expérimentation en 2016  ils ont ouvert en octobre 2018 'La Conciergerie du Parc' où l'on peut retrouver leurs services et animations sur plus de 400 m². Aujourd’hui les bâtiments et les espaces sortent de terre  la vie de quartier  elle  existe déjà...,https://user-images.strikinglycdn.com/res/hrscywv4p/image/upload/c_limit fl_lossy h_1440 w_720 f_auto q_auto/1168946/ruf2vpjmzuaqxodzqlq6.png,https://user-images.strikinglycdn.com/res/hrscywv4p/image/upload/c_limit fl_lossy h_1440 w_720 f_auto q_auto/1168946/r2fhvs5tzkwyski4siev.png,SCIC,44,47.206491,-1.563783,1 Mail du Front Populaire 44200 Nantes,0.87,housenumber,44109_3391_00001,1,Mail du Front Populaire,,44200,Nantes,44  Loire-Atlantique  Pays de la Loire,44109,,,,47.206491,-1.563783,T,D,C,,Renouveler le travail,Découvrir collectivement,Repenser sa consommation,,Renouveler le travail-Découvrir collectivement-Repenser sa consommation-,Loire-Atlantique
20,CRESS – CGET,Le Solilab,8 rue Saint Domingue 44200 NANTES,02 40 89 33 69,https://www.ecossolies.fr/-Le-Solilab-,Professionnels – Citoyens,T-D-C,Ancienne friche industrielle  trace de l’histoire sociale de Nantes  le Solilab contribue à donner un nouveau visage à la pointe ouest de l’île de Nantes depuis 2014.  Ce terrain polyvalent de 9 000 m² résulte d’une dynamique très forte  initiée dès les années 2000 par Nantes Métropole et Les Ecossolies  pour développer et faire connaître l’économie sociale & solidaire.  Espace d’expérimentations en permanente évolution  laboratoire d’innovations sociales et environnementales  tiers-lieu  point d’ancrage où se rencontrent et coopèrent celles et ceux qui travaillent  entreprennent et consomment autrement : le Solilab  c’est tout cela en même temps !,https://www.ecossolies.fr/IMG/siteon0.png?1513335286,https://www.ecossolies.fr/IMG/jpg/entree_solilab.jpg,SCIC,44,47.201392,-1.571388,8 Rue de Saint Domingue 44200 Nantes,0.89,housenumber,44109_7564_00008,8,Rue de Saint Domingue,,44200,Nantes,44  Loire-Atlantique  Pays de la Loire,44109,,,,47.201392,-1.571388,T,D,C,,Renouveler le travail,Découvrir collectivement,Repenser sa consommation,,Renouveler le travail-Découvrir collectivement-Repenser sa consommation-,Loire-Atlantique
21,CRESS,ORA,7 rue Magdeleine 44200 Nantes, 02 28 44 55 92 ,https://www.oraverslequilibre.fr/,Professionnels – Citoyens,T-D-C,Une oasis ressourçante au cœur de la jungle urbaine… Un lieu ouvert à tous pour apprendre  consulter un thérapeute  bouger  ralentir  se restaurer… où vivre au naturel rime avec prévention santé pour tous et accompagnement des publics fragiles.,https://www.oraverslequilibre.fr/wp-content/themes/storefront-for-ora/assets/images/logo-small.png,https://c.tfstatic.com/w_656 h_368 c_fill g_auto:subject q_auto f_auto/restaurant_photos/831/503831/source/ora-oasis-vers-l-equilibre-vue-de-la-salle-3e564.jpg,Association,44,47.204311,-1.568063,7 Rue Magdeleine 44200 Nantes,0.96,housenumber,44109_5202_00007,7,Rue Magdeleine,,44200,Nantes,44  Loire-Atlantique  Pays de la Loire,44109,,,,47.204311,-1.568063,T,D,C,,Renouveler le travail,Découvrir collectivement,Repenser sa consommation,,Renouveler le travail-Découvrir collectivement-Repenser sa consommation-,Loire-Atlantique
22,PiNG – CRESS – CGET,Plateforme C,Quai des Antilles hangar 30 44200 Nantes,02 51 84 13 57,https://info.pingbase.net/lieux/,Professionnels – Citoyens,T-O-D,Plateforme C est un atelier de fabrication numérique  fablab  co-construit par PiNG et plusieurs établissements d'enseignement supérieur. A la fois citoyen et pédagogique  cet atelier partagé est autant un espace d'appropriation des cultures numériques par le faire qu'un lieu d'innovation pédagogique.,https://scontent-cdg2-1.xx.fbcdn.net/v/t1.0-9/12401002_10156760951325608_3666522466593511078_n.png?_nc_cat=100&_nc_ohc=wrBpN6bVil8AQnrxA2Y-yrZtsNzk89lT2g2uFIo_bzeO2i-Up2T4iaW6A&_nc_ht=scontent-cdg2-1.xx&oh=eee1d84736e8eb353b2815e8bd43258f&oe=5E886C2B,https://info.pingbase.net/wp-content/uploads/2019/03/porte_light-870x550.jpg,Association,44,47.203751,-1.570802,Quai des Antilles 44200 Nantes,0.73,street,44109_0341,,Quai des Antilles,,44200,Nantes,44  Loire-Atlantique  Pays de la Loire,44109,,,,47.203751,-1.570802,T,D,,O,Renouveler le travail,Découvrir collectivement,,Œuvrer ensemble,Renouveler le travail-Découvrir collectivement--Œuvrer ensemble,Loire-Atlantique
23,PiNG – CRESS – CGET,Atelier Partagé du Breil,38 rue du Breil 44100 Nantes,02 40 16 86 78,https://info.pingbase.net/lieux/,Professionnels – Citoyens,T-O-D,Espace hybride entre fablab et jardin partagé  lieu de bricolage  de création  de réparation  l'Atelier Partagé permet aux habitants et habitantes du quartier d'accéder à un espace équipé pour réparer  apprendre à réparer  fabriquer des objets  regagner confiance en soi ou mieux comprendre les rouages de notre environnement technologique. L'Atelier Partagé permet aussi de redynamiser le tissu social local et de valoriser ses savoir-faire.,https://scontent-cdg2-1.xx.fbcdn.net/v/t1.0-9/12401002_10156760951325608_3666522466593511078_n.png?_nc_cat=100&_nc_ohc=wrBpN6bVil8AQnrxA2Y-yrZtsNzk89lT2g2uFIo_bzeO2i-Up2T4iaW6A&_nc_ht=scontent-cdg2-1.xx&oh=eee1d84736e8eb353b2815e8bd43258f&oe=5E886C2B,https://info.pingbase.net/wp-content/uploads/2018/06/IMG_1090.jpg,Association,44,47.229028,-1.584999,38 Rue du Breil 44100 Nantes,0.96,housenumber,44109_1213_00038,38,Rue du Breil,,44100,Nantes,44  Loire-Atlantique  Pays de la Loire,44109,,,,47.229028,-1.584999,T,D,,O,Renouveler le travail,Découvrir collectivement,,Œuvrer ensemble,Renouveler le travail-Découvrir collectivement--Œuvrer ensemble,Loire-Atlantique
24,CRESS,Le Grand Bain,23 Allée Baco 44000 Nantes,Non renseigné,https://lacooperative.coop/,Professionnels – Citoyens,T-O-D,Le Grand Bain est un projet né de l'Ouvre-Boites 44 qui réinvente le monde du travail et développe l’économie locale. En juin 2018  les nantais attribuaient au projet « La Coopérative » le bâtiment des Bains-Douches dans le cadre de l'Appel à projets #15Lieux lancé par la Ville de Nantes. Aujourd’hui  le Grand Bain c’est un collectif porté par l'Ouvre-Boîtes 44 qui rassemble des acteurs nantais de l'économie coopérative : principalement les Coopératives d'activité et d'emploi Coopchezvous  Bâticréateurs  Oz  l'Ouvre-Boites 44 et la Société coopérative Le Début des haricots (plus connue sous l'appellation La Grande Barge) auxquelles vont venir se greffer différents autres acteurs approchés.   Objectif : créer une vitrine de l'économie coopérative nantaise.  L'idée : rassembler en centre ville des initiatives coopératives pour animer ce nouvel espace  en faire un lieu de vie  un lieu de travail  un lieu de rencontre  un lieu de consommation où s'expriment la solidarité  le local  l'entraide  l'échange et le lien social.,,,Coopérative,44,47.215234,-1.546799,Allée Baco 44000 Nantes,0.86,street,44109_0512,,Allée Baco,,44000,Nantes,44  Loire-Atlantique  Pays de la Loire,44109,,,,47.215234,-1.546799,T,D,,O,Renouveler le travail,Découvrir collectivement,,Œuvrer ensemble,Renouveler le travail-Découvrir collectivement--Œuvrer ensemble,Loire-Atlantique
25,CRESS,La Galerie zéro déchet,5 Rue Fénelon 44000 Nantes,Non renseigné,http://lagalerieduzerodechet.fr/,Professionnels – Citoyens,D-C,Tiers-lieu sur la réduction des déchets en Pays de la Loire,,http://lagalerieduzerodechet.fr/wp-content/uploads/2019/10/IMG_9377-1024x683.jpg,Association,44,47.217125,-1.553941,5 Rue Fénelon 44000 Nantes,0.96,housenumber,44109_3096_00005,5,Rue Fénelon,,44000,Nantes,44  Loire-Atlantique  Pays de la Loire,44109,,,,47.217125,-1.553941,,D,C,,,Découvrir collectivement,Repenser sa consommation,,-Découvrir collectivement-Repenser sa consommation-,Loire-Atlantique
26,PiNG – CRESS,Mediagraph,1 rue d’Auvours 44000 Nantes,02 40 12 19 12,https://www.assomediagraph.fr,Professionnels – Citoyens,T-O-D,Espace ressource  de travail  et de formation dédié aux usages numériques,https://www.assomediagraph.fr/wp-content/uploads/2019/10/logo_mediagraph_carre-bon-300x291.png,,Association,44,47.221374,-1.563522,1 Rue d'Auvours 44000 Nantes,0.96,housenumber,44109_0480_00001,1,Rue d'Auvours,,44000,Nantes,44  Loire-Atlantique  Pays de la Loire,44109,,,,47.221374,-1.563522,T,D,,O,Renouveler le travail,Découvrir collectivement,,Œuvrer ensemble,Renouveler le travail-Découvrir collectivement--Œuvrer ensemble,Loire-Atlantique
27,CRESS,Atelier Viking,5 Rue Perelle  44000 NANTES,Non renseigné,https://atelier-viking-nantes.fr/,Professionnels – Citoyens,T-D,L’Atelier Viking  créé par une association pour l'entrepreneuriat féminin  accueille les entrepreneuses nantaises dans un “safe place”; un lieu agréable et solidaire où se côtoient bureaux partagés  privatisations  tablées d’échanges  apéros réseau… et encore bien d’autres projets à venir  pour faire grandir leur projet en toute sérénité.,https://atelier-viking-nantes.fr/wp-content/uploads/2019/02/cropped-LOGO_ATELIER_VIKING_daa520.png,https://atelier-viking-nantes.fr/wp-content/uploads/2019/09/Atelier-Viking-Accueil-Tablee-1024x578.jpg,Association,44,47.210151,-1.547664,5 Rue Pérelle 44000 Nantes,0.96,housenumber,44109_6340_00005,5,Rue Pérelle,,44000,Nantes,44  Loire-Atlantique  Pays de la Loire,44109,,,,47.210151,-1.547664,T,D,,,Renouveler le travail,Découvrir collectivement,,,Renouveler le travail-Découvrir collectivement--,Loire-Atlantique
28,CRESS,La Station,15 quai Ernest Renaud 44100 Nantes,Non renseigné,http://www.atelierdesinitiatives.org/l-atelier-des-initiatives/article/la-station,Professionnels – Citoyens,T-D,La Station découle d’une envie commune de créer en 2011 un Pôle Associatif Jeunesses à Nantes fondé sur la mutualisation d’un local d’activités entre différents acteurs ayant des missions complémentaires : l'Afev  l'Atelier des Initiatives  le Vlipp et à l'époque l'association Europa.  La Station est un espace de travail et de coopérations ouvert au public. Elle accueille différentes activités et animations qui favorisent l’initiative  la citoyenneté et la créativité. C'est un lieu d’engagement et d’initiatives  un lieu ressources  de compétences ainsi qu'un lieu de coopérations et d’expérimentations.,http://www.atelierdesinitiatives.org/local/cache-vignettes/L596xH282/lastation_logo_long_web-c0e9b.jpg,http://www.atelierdesinitiatives.org/local/cache-vignettes/L670xH399/hall_rouge-2-23386.jpg,Association,44,47.206443,-1.573541,15 Quai Ernest Renaud 44100 Nantes,0.96,housenumber,44109_2890_00015,15,Quai Ernest Renaud,,44100,Nantes,44  Loire-Atlantique  Pays de la Loire,44109,,,,47.206443,-1.573541,T,D,,,Renouveler le travail,Découvrir collectivement,,,Renouveler le travail-Découvrir collectivement--,Loire-Atlantique
29,CRESS,Wattignies Social Club,13 Boulevard des Martyrs Nantais de la Résistance 44000 Nantes,Non renseigné,https://www.facebook.com/pg/WSCNantes,Professionnels – Citoyens,T-D,Situé dans un ancien garage automobile de 800 mètres carrés  au cœur de l’île de Nantes  le Wattignies Social Club est un lieu indépendant dédié au tuning d'expérimentations urbaines. Son agencement « délicieusement bordélique » évoque le foisonnement d’idées. Sur place  on y croise des chercheurs qui viennent débattre des enjeux de société  des artisans  des associations  des chômeurs  des migrants  des chefs d’entreprises en quête de sens  des citoyens engagés… Bref  on mixe les activités et les publics pour « faire société ».,,,Association,44,47.20422,-1.546397,13 Boulevard des Martyrs Nantais de la Résistance 44200 Nantes,0.91,housenumber,44109_5448_00013,13,Boulevard des Martyrs Nantais de la Résistance,,44200,Nantes,44  Loire-Atlantique  Pays de la Loire,44109,,,,47.20422,-1.546397,T,D,,,Renouveler le travail,Découvrir collectivement,,,Renouveler le travail-Découvrir collectivement--,Loire-Atlantique
30,CRESS,Forum Titi,7 Rue Louis Blériot 44700 Orvault,02 40 76 38 44,https://www.forum-titi.fr/,Professionnels – Citoyens,T-D,Le Forum Titi est un tiers-lieu de l'ESS qui a vocation a accueillir des structures accompagnant les publics personnes âgées et personnes en situation de handicap. C'est également le siège social du groupe coopératif les Titis.  ,https://www.forum-titi.fr/wp-content/uploads/ForumTiti.png,https://www.forum-titi.fr/wp-content/uploads/Forum_Titi_Floris-e1509957069944.jpg,SCOP,44,47.253081,-1.617958,7 Rue Louis Blériot 44700 Orvault,0.95,housenumber,44114_1013_00007,7,Rue Louis Blériot,,44700,Orvault,44  Loire-Atlantique  Pays de la Loire,44114,,,,47.253081,-1.617958,T,D,,,Renouveler le travail,Découvrir collectivement,,,Renouveler le travail-Découvrir collectivement--,Loire-Atlantique
31,PiNG,Centre Socio-culturel de l’Allée Verte,1 rue de l’allée verte 44230 Saint-Sébastien-sur-Loire,02 40 33 16 88,https://alleeverte.centres-sociaux.fr,Citoyens,O-D,Depuis 3 ans  l’association socioculturelle de l’Allée Verte propose un Atelier de réparation tous les premiers samedis du mois pour réparer différents objets (ex : télé  fer à repasser  lampe  aspirateur  fauteuil  tondeuse  ordinateur textiles …). Le centre social propose aussi de nombreuses autres activités  comme un atelier numérique et un studio d’enregistrement pour des projets créatifs sonores.,,,Association,44,47.195805,-1.487956,Rue de l'Allée Verte 44230 Saint-Sébastien-sur-Loire,0.92,street,44190_0030,,Rue de l'Allée Verte,,44230,Saint-Sébastien-sur-Loire,44  Loire-Atlantique  Pays de la Loire,44190,,,,47.195805,-1.487956,,D,,O,,Découvrir collectivement,,Œuvrer ensemble,-Découvrir collectivement--Œuvrer ensemble,Loire-Atlantique
32,CGET,Workhub,1 avenue des Lions 44800 Saint-Herblain,Non renseigné,https://www.neo-nomade.com/espace/3863/coworking-saint-herblain-workhub,Professionnels,T,Le Workhub de Ouest bureau regroupe bureaux  salles de réunion et Workcafé dans un nouvel espace collaboratif situé à St Herblain  à proximité des transports en commun et des accès périphériques.,,https://www.neo-nomade.com/fichier/compressedImages/espace/3863/8.jpg=2000x961xcrop,Entreprise,44,47.246325,-1.617535,1 Avenue des Lions 44800 Saint-Herblain,0.96,housenumber,44162_1537_00001,1,Avenue des Lions,,44800,Saint-Herblain,44  Loire-Atlantique  Pays de la Loire,44162,,,,47.246325,-1.617535,T,,,,Renouveler le travail,,,,Renouveler le travail---,Loire-Atlantique
33,CGET – CRESS,La Ruche Saint-Nazaire,25 Rue de l'étoile du matin 44600 Saint-Nazaire,06 58 96 96 84,http://la-ruche.net/ruche/saint-nazaire/,Professionnels – Citoyens,T-D,La Ruche est un espace de coworking collaboratif où les acteurs du changement se rencontrent et partagent compétences et ressources. Il s’agit d’offrir un lieu propice au développement professionnel et à l’épanouissement personnel à toute personne qui porte une initiative à impact positif pour la société. L'entrepreneuriat responsable est la norme et crée de l'emploi. Chaque acteur peut avoir un impact social  sociétal et/ou environnemental quelle que soit sa situation économique  géographique  son parcours  ses origines. Chaque personne qui souhaite lancer son activité sur son territoire possède les outils et le réseau pour réussir. La Ruche Saint-Nazaire est membre du premier réseau national d'incubateur à impact. L'espace collaboratif a ouvert ses portes en septembre 2017.,https://la-ruche.net/wp-content/themes/ruche/images/logo.gif,https://la-ruche.net/wp-content/uploads/2017/09/Laruchecoworking_CWSud-587x440.jpg,SAS ESUS,44,47.25948,-2.27172,25 Rue de l'Etoile du Matin 44600 Saint-Nazaire,0.96,housenumber,44184_1872_00025,25,Rue de l'Etoile du Matin,,44600,Saint-Nazaire,44  Loire-Atlantique  Pays de la Loire,44184,,,,47.25948,-2.27172,T,D,,,Renouveler le travail,Découvrir collectivement,,,Renouveler le travail-Découvrir collectivement--,Loire-Atlantique
34,CGET,Office Coffee,21 Avenue du Commandant l'Herminier 44600 Saint-Nazaire,02 53 30 80 75,http://www.officecoffee.fr,Professionnels,T,L’Office Coffee est un espace de travail partagé et connecté  favorisant l’échange et le travail en réseau. Un lieu fonctionnel  modulable  convivial et dynamisant  idéal pour tous les Entrepreneurs  Entreprises  Freelances  Associations  Clubs et propice aux opportunités et aux rencontres professionnelles.,https://www.officecoffee.fr/wp-content/themes/office_coffee/img/logo_office_coffee_header.png,https://www.officecoffee.fr/wp-content/uploads/2018/06/20180613_150557-e1543247741587.jpg,Entreprise,44,47.28554,-2.21387,21 Avenue du Commandant l'Herminier 44600 Saint-Nazaire,0.96,housenumber,44184_1220_00021,21,Avenue du Commandant l'Herminier,,44600,Saint-Nazaire,44  Loire-Atlantique  Pays de la Loire,44184,,,,47.28554,-2.21387,T,,,,Renouveler le travail,,,,Renouveler le travail---,Loire-Atlantique
35,CRESS,Les abeilles 44,3 rue de l'Écluse Saint-Nazaire 44600 Saint-Nazaire,Non renseigné,https://www.facebook.com/lesabeilles44/,Professionnels – Citoyens,T-O-D,Ancien bâtiment de l’Union des remorqueurs de l’Océan (URO)  les Abeilles mêlent aujourd’hui hébergements  bureaux et activités culturelles et artistiques. «Les abeilles»  nommé ainsi pour propulser la mémoire du lieu  sont un cargo aux cales culturelles et une ruche créative où il fait bon venir butiner. Le ‘cargo-ruche’ Les Abeilles peut être catégorisé parmi les ‘Tiers-lieux’. Il se nourrit des rencontres et des échanges avec les sédentaires de son environnement proche et de l’apport fourni par les voyageurs d’autres horizons. Ici  on expérimente la fabrication d’un ‘miel de territoire’. L’objectif qui prédomine à travers ce ‘lieu de courtoisie’  est l’affirmation de la relation entre le corps qui habite la ville de manière permanente ou éphémère (l’habitant  le touriste)  et le corps habité (le paysage  le territoire).,https://scontent-cdg2-1.xx.fbcdn.net/v/t1.0-9/36327677_1276208399182680_6285224951641276416_n.jpg?_nc_cat=103&_nc_ohc=UmsOi1tnBbAAQnlzobtmWZg_rohD2lrIQwlCaIAN1aaEdIfrRQ-CbPRPw&_nc_ht=scontent-cdg2-1.xx&oh=ed33b49f8c8856f922b3243b0a51e127&oe=5E8CFC87,,Association,44,47.27136,-2.20132,3 Rue de l'Ecluse 44600 Saint-Nazaire,0.7,housenumber,44184_1670_00003,3,Rue de l'Ecluse,,44600,Saint-Nazaire,44  Loire-Atlantique  Pays de la Loire,44184,,,,47.27136,-2.20132,T,D,,O,Renouveler le travail,Découvrir collectivement,,Œuvrer ensemble,Renouveler le travail-Découvrir collectivement--Œuvrer ensemble,Loire-Atlantique
36,CGET,Le Périscop,18 Boulevard Paul Perrin 44600 Saint-Nazaire,02 40 53 36 67,http://www.leperiscop.fr/l-espace-coworking/,Professionnels,T,Un espace de travail  d’échanges  de collaboration  l’opportunité de travailler en dehors de chez soi  dans un environnement de travail et de créativité. ,https://leperiscop.fr/wp-content/uploads/2015/03/Logo-horizontal-RVB-menu-sans-ombre-e1426844688306.png,https://www.leperiscop.fr/wp-content/uploads/2015/03/Un-lieu-1024x576.jpg,Entreprise,44,47.2859,-2.21477,18 Boulevard Paul Perrin 44600 Saint-Nazaire,0.96,housenumber,44184_4630_00018,18,Boulevard Paul Perrin,,44600,Saint-Nazaire,44  Loire-Atlantique  Pays de la Loire,44184,,,,47.2859,-2.21477,T,,,,Renouveler le travail,,,,Renouveler le travail---,Loire-Atlantique
37,PiNG,Ecole d'Arts - Ateliers numériques,24 Avenue Léon Blum 44600 Saint-Nazaire,02 40 00 42 60,https://beauxartsnantes.fr/l%C3%A9cole-de-saint-nazaire,Citoyens,T-O-D,L’école des Beaux-arts de Saint‑Nazaire existe depuis 1985. Implantée sur plus de 1 000 m²  elle est dotée de sept salles de cours où sont dispensées des disciplines de pratiques artistiques et culturelles en direction des enfants  adolescents et adultes : dessin  peinture  céramique  gravure  sculpture multimédia. L’école dispose d’équipements adaptés  tels que des fours pour la cuisson des céramiques  d’un atelier de gravure comprenant deux presses taille douce  d’un atelier numérique regroupant quatorze postes de travail équipés de logiciels spécifiques  adaptés à l’apprentissage et à la création dans les domaines des arts visuels et du multimédia  ainsi que de matériels audiovisuels performants.,https://beauxartsnantes.fr/sites/all/themes/ebansn/css/bg/logo-ban2017.jpg,https://beauxartsnantes.fr/sites/default/files/ecole-site-gd.jpg,École,44,47.27261,-2.21196,24 Avenue Léon Blum 44600 Saint-Nazaire,0.96,housenumber,44184_3740_00024,24,Avenue Léon Blum,,44600,Saint-Nazaire,44  Loire-Atlantique  Pays de la Loire,44184,,,,47.27261,-2.21196,T,D,,O,Renouveler le travail,Découvrir collectivement,,Œuvrer ensemble,Renouveler le travail-Découvrir collectivement--Œuvrer ensemble,Loire-Atlantique
38,CRESS – PiNG,Bluelab,66 Centre République 44600 Saint-Nazaire,07 67 90 07 21,https://bluelab44.fr/,Professionnels – Citoyens,T-O-D,Le Blue Lab est une association située au centre ville de Saint-Nazaire qui met tout en oeuvre pour que ce lieu devienne un carrefour des innovations sur ce territoire. Au Blue Lab  on peut imaginer des projets lors d'ateliers de rencontre et de découverte  on peut fabriquer des objets  prototyper des projets grâce aux technologies numériques  et on peut accélérer la réussite de ses projets en échangeant avec des professionnels et des passionnés d’innovation.,,https://bluelab44.fr/wp-content/uploads/2019/11/70177624_655214294969073_2117067157761163264_o.jpg,Association,44,47.2785,-2.21231,Bâtiment Centre République 44600 Saint-Nazaire,0.76,street,44184_k9uape,,Bâtiment Centre République,,44600,Saint-Nazaire,44  Loire-Atlantique  Pays de la Loire,44184,,,,47.2785,-2.21231,T,D,,O,Renouveler le travail,Découvrir collectivement,,Œuvrer ensemble,Renouveler le travail-Découvrir collectivement--Œuvrer ensemble,Loire-Atlantique
39,PiNG,Centre Socioculturel Tempo,7 rue du 11 novembre  44130 Blain,02 40 87 12 58,http://csctempo.fr/,Citoyens,O-D,Face à la place grandissante du numérique dans nos vies quotidiennes  certains enjeux nous semblent essentiels : les aspects écologiques de notre consommation technologique  la protection de nos droits  l’impact du tout numérique sur notre environnement. Le Centre Socioculturel Tempo propose des outils pour fabriquer  réparer… : du bois à l’impression 3D  de la couture à la création graphique  tout ce qu’il faut pour inventer  concevoir  créer !,http://csctempo.fr/wp-content/uploads/2018/09/bandeau-7.png,http://csctempo.fr/wp-content/uploads/2018/09/20180914_TL.jpg,Association,44,47.476321,-1.763342,7 Rue du 11 Novembre 44130 Blain,0.95,housenumber,44015_0493_00007,7,Rue du 11 Novembre,,44130,Blain,44  Loire-Atlantique  Pays de la Loire,44015,,,,47.476321,-1.763342,,D,,O,,Découvrir collectivement,,Œuvrer ensemble,-Découvrir collectivement--Œuvrer ensemble,Loire-Atlantique
40,CRESS,Tiers-Lieu de Bouvron,21 bis rue Louis Guihot 44130 Bouvron,02 28 01 20 54,https://www.facebook.com/BouvronTiersLieu/,Professionnels – Citoyens,D,Depuis le 1er semestre 2018  le projet d’un tiers-lieu « circuit court » du partage  des échanges  lieu de développement des idées  des initiatives est lancé. L’objectif : disposer d’un espace commun fédérateur  partagé quotidiennement  pour se rencontrer  échanger des services  des « recettes »  des envies  à tout âge et sur tout sujet. L’évolution de la bibliothèque municipale étant aussi en réflexion  le choix d’implanter le tiers-lieu à la bibliothèque s’est imposé pour lancer une dynamique globale.  Le Tiers Lieu  installé dans les locaux de la bibliothèque  est un espace de partages et de rencontres porté par les citoyens et pour l’ensemble des bouvronnais. Il permet d’échanger les savoir-faire  les idées  de lancer des initiatives locales. C’est aussi un point d’information sur la vie de la commune.  Il offre : un espace de convivialité  un espace numérique  une bibliothèque : environ 5600 ouvrages pour adultes et enfants disponibles au prêt.  Il propose des activités gratuites ouvertes à tous.,https://scontent-cdg2-1.xx.fbcdn.net/v/t1.0-9/60689146_435933870315127_2979670279275413504_n.png?_nc_cat=100&_nc_ohc=a_Ew3mMxMpwAX9kXnuv&_nc_ht=scontent-cdg2-1.xx&oh=bf182f473f7e1c1ac9dad7939db520f4&oe=5EFFCFD8,https://scontent-cdt1-1.xx.fbcdn.net/v/t1.0-9/60481380_435936020314912_72530229419048960_n.png?_nc_cat=106&_nc_ohc=bHjrGjtNJoEAX_mEPVg&_nc_ht=scontent-cdt1-1.xx&oh=4d45b865cf5f5b3079082a67abf75861&oe=5ECF41DC,Association à venir,44,47.418131,-1.846606,Rue Louis Guihot 44130 Bouvron,0.77,street,44023_0054,,Rue Louis Guihot,,44130,Bouvron,44  Loire-Atlantique  Pays de la Loire,44023,,,,47.418131,-1.846606,,D,,,,Découvrir collectivement,,,-Découvrir collectivement--,Loire-Atlantique
41,CRESS,Le Transistore,La Chapelle sur Erdre,06 07 36 71 66,https://www.letransistore.org/,Professionnels – Citoyens,T-D,Tiers-lieu constitué aututour d'une recyclerie  un lieu de convivialité  d'échange  de ressources sur le réemploi  la transistion écologique et sociétale (café associatif  ateliers ...)  en expérimentation dans les locaux mis à disposition par une ferme.,https://www.letransistore.org/wp-content/uploads/2018/03/cropped-logoTransiStoreBleuContour-192x192.png,https://www.letransistore.org/wp-content/uploads/IMG_20190630_103315.jpg,Association,44,47.302321,-1.561918,La Chapelle-sur-Erdre,0.95,municipality,44035,,La Chapelle-sur-Erdre,,44240,La Chapelle-sur-Erdre,44  Loire-Atlantique  Pays de la Loire,44035,,,,47.302321,-1.561918,T,D,,,Renouveler le travail,Découvrir collectivement,,,Renouveler le travail-Découvrir collectivement--,Loire-Atlantique
42,CRESS,Le Millelieu,1 rue Félix Platel 44310 Saint Philbert de Grand Lieu,06 50 32 20 90,https://www.lemillelieu.fr/,Professionnels – Citoyens,T-D,Le Millelieu est créateur d’évènements et d'aventures partagées pour la promotion locale. Sa volonté est de fédérer  promouvoir le patrimoine local et ses acteurs  sensibiliser à l’environnement  créer des synergies et des souvenirs inoubliables tout en portant des valeurs telles que la durabilité  la solidarité et l’écologie.,https://www.lemillelieu.fr/wp-content/uploads/2019/09/logo-le-millelieu.png,https://www.lemillelieu.fr/wp-content/uploads/2019/10/anniversaire.jpg,Association,44,47.03702,-1.643094,1 Rue Félix Platel 44310 Saint-Philbert-de-Grand-Lieu,0.95,housenumber,44188_0150_00001,1,Rue Félix Platel,,44310,Saint-Philbert-de-Grand-Lieu,44  Loire-Atlantique  Pays de la Loire,44188,,,,47.03702,-1.643094,T,D,,,Renouveler le travail,Découvrir collectivement,,,Renouveler le travail-Découvrir collectivement--,Loire-Atlantique
43,CGET,Hackerspace LaFaCh (Amicale Laïque Castelbriantaise),13 Place Ernest Breant 44110 Châteaubriant,09 77 81 55 98,http://alis44110.solidarite-locale.fr/,Citoyens,O-D,ALIS (Association Libre Informatique Solidaire) est une association d’éducation populaire à l’informatique libre.,http://alis44110.solidarite-locale.fr/bandeau-alis.jpg,,Association,44,47.721596,-1.376319,13 Place Ernest Bréant 44110 Châteaubriant,0.95,housenumber,44036_0560_00013,13,Place Ernest Bréant,,44110,Châteaubriant,44  Loire-Atlantique  Pays de la Loire,44036,,,,47.721596,-1.376319,,D,,O,,Découvrir collectivement,,Œuvrer ensemble,-Découvrir collectivement--Œuvrer ensemble,Loire-Atlantique
44,CGET,Cow-B,7 Rue Jean-Baptiste Olivier  44130 Bouvron,09 61 64 16 84,https://www.cow-b.fr/,Professionnels,T,Dédié aux indépendant·e·s  télétravailleur·euse·s  free-lances  ou aux gens de passage  le coworking de Bouvron offre un cadre au calme et convivial pour travailler dans de bonnes conditions. C’est également un point de chute idéal pour retrouver une vie sociale  ou encore le moyen d’avoir un bureau pas cher.,https://www.cow-b.fr/wp-content/uploads/2018/07/logo-coworking-bouvron-2.png,https://www.cow-b.fr/wp-content/uploads/2019/09/Open-space-coworking-bouvron-4-1920x1440.jpg,Association,44,47.417185,-1.844182,7 Rue Jean-baptiste Olivier 44130 Bouvron,0.94,housenumber,44023_0047_00007,7,Rue Jean-baptiste Olivier,,44130,Bouvron,44  Loire-Atlantique  Pays de la Loire,44023,,,,47.417185,-1.844182,T,,,,Renouveler le travail,,,,Renouveler le travail---,Loire-Atlantique
45,CGET,Le 3ème Lieu,8 place de l’Église 44170 Abbaretz,02 28 05 01 95,http://www.3emelieu.fr/,Professionnels,T,Le 3ème lieu est un tiers-lieu où cohabitent bureaux  open-space & commerces  avec une mixité de profils et d’activités et la mutualisation de moyens.,http://www.3emelieu.fr/wp-content/uploads/2018/05/gen_logo-1024x289.png,http://www.3emelieu.fr/wp-content/uploads/2017/11/021017-003-1.jpg,Entreprise,44,47.552638,-1.533689,8 Place de l'Eglise 44170 Abbaretz,0.94,housenumber,44001_0295_00008,8,Place de l'Eglise,,44170,Abbaretz,44  Loire-Atlantique  Pays de la Loire,44001,,,,47.552638,-1.533689,T,,,,Renouveler le travail,,,,Renouveler le travail---,Loire-Atlantique
46,CGET,L’Incubacteur Estuaire et Sillon,La Croix Gaudin 44360 Saint-Etienne de Montluc,02 40 85 55 75,https://www.lincubacteur.fr/,Professionnels,T,Lincubacteur a pour vocation de booster la création et le développement des entreprises  en proposant notamment la location d’espaces évolutifs pour mettre fin à l’isolement des porteurs de projets et jeunes entreprises.,https://www.lincubacteur.fr/wp-content/uploads/2017/11/logo.jpg,https://www.lincubacteur.fr/wp-content/uploads/2018/04/lincubacteur-coworking-2.jpg,Entreprise,44,47.281019,-1.733729,La Croix Gaudin 44360 Saint-Étienne-de-Montluc,0.95,street,44158_b386,,La Croix Gaudin,,44360,Saint-Étienne-de-Montluc,44  Loire-Atlantique  Pays de la Loire,44158,,,,47.281019,-1.733729,T,,,,Renouveler le travail,,,,Renouveler le travail---,Loire-Atlantique
47,CGET – CRESS,Coworkstation,1 route de Saint Fiacre 44190 Gorges,02 28 02 07 40,https://coworklisson.fr/,Professionnels,T-D,La convergence entre un collectif d'acteurs économiques locaux et l'intercommunalité s'est effectuée progressivement de 2011 à la signature du partenariat en 2018. L'initiative du collectif autour de besoins communs d'espace de travail partagé  d'un cadre de travail adapté et convivial  de la mise en évidence des compétences de chacun... a abouti en 2017 à la création de l'association CoworKlisson et l'ouverture du 1er espace partagé Cowork Station à côté de la gare tram-train de Gorges. La Communauté de Communes Vallée de Clisson  devenue Clisson Sèvre Maine Agglo  a souhaité accompagner cette expérience pour mieux cerner les besoins locaux des entrepreneurs et actifs en télétravail en vue du développement d'une offre immobilière tertiaire (projet de la maison de l'économie).,https://coworklisson.fr/wp-content/uploads/coworklisson-coworking-logo.png,https://coworklisson.fr/wp-content/uploads/coworkstation-coworking-gorges-44.jpg,Association,44,47.100089,-1.306367,1 Route de Saint-fiacre 44190 Gorges,0.95,housenumber,44064_0140_00001,1,Route de Saint-fiacre,,44190,Gorges,44  Loire-Atlantique  Pays de la Loire,44064,,,,47.100089,-1.306367,T,D,,,Renouveler le travail,Découvrir collectivement,,,Renouveler le travail-Découvrir collectivement--,Loire-Atlantique
48,PiNG – CGET,Gullivigne,Esplanade de Klettgau 44190 Clisson,Non renseigné,https://gullivigne.org/,Professionnels – Citoyens,T-O-D, Un Fab-Lab dynamique sur le territoire de Clisson Sèvre et Maine  pour promouvoir l'auto-apprentissage et l'autonomie par l'utilisation de logiciels et de matériel libres et ouverts.,,https://gullivigne.org/wp-content/uploads/2019/08/DSC01419.jpg,Association,44,47.094181,-1.290447,Esplanade de Klettgau 44190 Clisson,0.95,street,44043_1035,,Esplanade de Klettgau,,44190,Clisson,44  Loire-Atlantique  Pays de la Loire,44043,,,,47.094181,-1.290447,T,D,,O,Renouveler le travail,Découvrir collectivement,,Œuvrer ensemble,Renouveler le travail-Découvrir collectivement--Œuvrer ensemble,Loire-Atlantique
49,CRESS,Cosy Parenthèse,3 Venelle de l’Escarpe 44190 Clisson,06 77 12 71 74,http://www.cosyparenthese.fr/,Professionnels,T-D,Cosy Parenthèse est un tiers-lieu pour les professionnels  accueillant parents et enfants. Une professionnelle de la petite enfance prend soin des enfants pendant que les parents travaillent dans un lieu adapté aux touts-petits et aux plus grands. On y trouve aussi du bon café  une pause goûter avec des produits bios et locaux  un cadre chaleureux et des ateliers adaptés aux 2 publics.,https://scontent-cdt1-1.xx.fbcdn.net/v/t1.0-9/72127552_406744140224719_1234290806785835008_n.png?_nc_cat=110&_nc_ohc=HpiGzGwFTNgAQkyLtXVbtmJOe7eHSD2k_bM_2xPEocEoBt_dR1PpqA77Q&_nc_ht=scontent-cdt1-1.xx&oh=27c8cfdd6bb05fd3d8073446ecfd8b3f&oe=5E85BAEA,http://www.cosyparenthese.fr/wp-content/uploads/2019/10/IMG_0470-47.jpg,Société commerciale de l'ESS,44,47.087077,-1.282387,3 Venelle de l'Escarpe 44190 Clisson,0.95,housenumber,44043_0785_00003,3,Venelle de l'Escarpe,,44190,Clisson,44  Loire-Atlantique  Pays de la Loire,44043,,,,47.087077,-1.282387,T,D,,,Renouveler le travail,Découvrir collectivement,,,Renouveler le travail-Découvrir collectivement--,Loire-Atlantique
50,PiNG – CRESS,Le Fablab Pays d’Ancenis,5 Place Armand de Béthune 44150 Ancenis,Non renseigné,https://fablabancenis.wordpress.com,Professionnels – Citoyens,T-O-D,Le Fablab Pays d'Ancenis est un fablab ouvert à tout public désireux de concrétiser un projet en utilisant des outils numériques,https://fablabancenis.wordpress.com,https://fablabancenis.files.wordpress.com/2020/02/20200201_122444.jpg,Association,44,47.364199,-1.19173,5 Place Armand de Bethune 44150 Ancenis-Saint-Géréon,0.76,housenumber,44003_cisdmi_00005,5,Place Armand de Bethune,,44150,Ancenis-Saint-Géréon,44  Loire-Atlantique  Pays de la Loire,44003,,,,47.364199,-1.19173,T,D,,O,Renouveler le travail,Découvrir collectivement,,Œuvrer ensemble,Renouveler le travail-Découvrir collectivement--Œuvrer ensemble,Loire-Atlantique
51,CRESS,Cultivons les Cailloux,2  rue de Charost 44150 Ancenis St Géréon ,02 44 03 62 15 ,https://cultivonslescailloux.org/,Professionnels – Citoyens,T-O-D-C,Expérimentation d'un lieu multifonctionnel orienté production et consommation responsable à Ancenis  porté par un pôle territorial de coopération économique,https://cultivonslescailloux.org/wp-content/uploads/2019/08/LogoCaillouxsimple.jpg,https://cultivonslescailloux.org/wp-content/uploads/2019/12/Sacs-Cadeaux.jpg,Association,44,47.365457,-1.178884,2 Rue de Charost 44150 Ancenis-Saint-Géréon,0.84,housenumber,44003_0210_00002,2,Rue de Charost,,44150,Ancenis-Saint-Géréon,44  Loire-Atlantique  Pays de la Loire,44003,,,,47.365457,-1.178884,T,D,C,O,Renouveler le travail,Découvrir collectivement,Repenser sa consommation,Œuvrer ensemble,Renouveler le travail-Découvrir collectivement-Repenser sa consommation-Œuvrer ensemble,Loire-Atlantique
52,CRESS,Cowork Notre Dame,21 Route de Nantes 44430 Le Loroux-Bottereau,02 40 33 81 25,https://cowork-notredame.fr/,Professionnels – Citoyens,T-D,Cowork Notre Dame est un tiers lieu adossé à un établissement scolaire. Il est composé d'une micro crèche  d'un espace coworking et d'un LearningLab incluant des espaces hybrides tels qu'un Fablab  un Médialab et un LivingLab. La raison d'être de ce bâtiment est pédagogique (rapprocher le monde de l'enseignement et celui de l'entreprise) il est aussi d'inscrire l'établissement dans son territoire en proposant des services à la population locale et en étant un outil du développement économique territorial.,https://cowork-notredame.fr/wp-content/uploads/2019/05/CoWorkND200px.png,https://cowork-notredame.fr/wp-content/uploads/2019/09/14-visite-inauguration_CND-CA-24-09-19-1920.jpg,Association,44,47.238253,-1.35526,21 Route de Nantes 44430 Le Loroux-Bottereau,0.95,housenumber,44084_0520_00021,21,Route de Nantes,,44430,Le Loroux-Bottereau,44  Loire-Atlantique  Pays de la Loire,44084,,,,47.238253,-1.35526,T,D,,,Renouveler le travail,Découvrir collectivement,,,Renouveler le travail-Découvrir collectivement--,Loire-Atlantique
53,CGET,La Folie,2 bis Avenue de L’Ile de France 85160 St-Jean-de-Monts,02 51 59 87 99,http://www.lafolie.fr,Professionnels,T,Cet espace de service propose d'allier travail et plaisir lors de quelques jours en vacances à Saint-Jean-de-Monts ou encore de profiter plus souvent de sa résidence secondaire tout en bénéficiant d'un bureau à la mer pour répondre aux urgences de son activité professionnelle.,https://www.entreprendre-paysdemonts.fr/var/oceanmaraisdemonts/storage/images/mediatheque/entreprendre/la-folie-espace-innovation-saint-jean-de-monts-c-seml-saint-jean-activites-31/626352-1-fre-FR/La-Folie-espace-innovation-Saint-Jean-de-Monts-C-seml-Saint-Jean-Activites-31_xl-large.jpg,https://www.entreprendre-paysdemonts.fr/var/oceanmaraisdemonts/storage/images/mediatheque/entreprendre/la-folie-espace-innovation-saint-jean-de-monts-c-seml-saint-jean-activites-31/626352-1-fre-FR/La-Folie-espace-innovation-Saint-Jean-de-Monts-C-seml-Saint-Jean-Activites-31_xl-large.jpg,Association,85,46.781941,-2.067198,Avenue de l'Ile de France 85160 Saint-Jean-de-Monts,0.77,street,85234_2430,,Avenue de l'Ile de France,,85160,Saint-Jean-de-Monts,85  Vendée  Pays de la Loire,85234,,,,46.781941,-2.067198,T,,,,Renouveler le travail,,,,Renouveler le travail---,Vendée
54,CGET,La Loco Numérique,123 Boulevard Louis Blanc 85000 La Roche S/Yon,02 28 97 98 44 ,http://www.loco-numerique.fr,Professionnels,T,Portée par La Roche-sur-Yon Agglomération  la Loco numérique est un lieu destiné à favoriser le travail  la rencontre et l’émergence de projets autour de la filière numérique à La Roche-sur-Yon.,http://loco-numerique.fr/wp-content/uploads/2018/09/logo.png,http://loco-numerique.fr/wp-content/uploads/2018/09/Espace-coworking-ouvert-2-1024x684.jpg,Association,85,46.665685,-1.439859,Rue de l'Oiseau Blanc 85000 La Roche-sur-Yon,0.45,street,85191_1860,,Rue de l'Oiseau Blanc,,85000,La Roche-sur-Yon,85  Vendée  Pays de la Loire,85191,,,,46.665685,-1.439859,T,,,,Renouveler le travail,,,,Renouveler le travail---,Vendée
55,CRESS,Le Village de la Vergne,La Vergne Babouin 85 000 La Roche-sur-Yon,09 72 61 05 81,http://sciclavergne.com/,Professionnels – Citoyens,T-O-D-C,Autrefois appelé Ferme de la Vergne  le Village de la Vergne est aujourd’hui un tiers-lieu coopératif. Cet espace de travail partagé et collaboratif où se mêlent agriculture biologique  artisanat  services favorise la créativité et le lien social. Riche de sa biodiversité  le Village de la Vergne porte une attention particulière à la réduction de son empreinte environnementale en inscrivant économie circulaire et autonomie énergétique au coeur de son projet. Le Village de la Vergne est développé par la Société Coopérative d'Intérêt Collectif (SCIC) La Vergne. Ce statut est un choix fort pour un projet de développement économique et social du territoire qui promeut les valeurs de l’économie sociale et solidaire (ESS). Les finalités de la SCIC La Vergne sont de : - contribuer à la création et au développement d'activités et d'emplois - générer et accompagner des projets collectifs - promouvoir une autre façon de consommer et de produire dans le respect des hommes et de l'environnement.,,http://sciclavergne.com/wp-content/uploads/2018/12/photo-La-Coloc.jpg,SCIC,85,46.62886,-1.415353,La Vergne Babouin 85000 La Roche-sur-Yon,0.89,street,85191_c215,,La Vergne Babouin,,85000,La Roche-sur-Yon,85  Vendée  Pays de la Loire,85191,,,,46.62886,-1.415353,T,D,C,O,Renouveler le travail,Découvrir collectivement,Repenser sa consommation,Œuvrer ensemble,Renouveler le travail-Découvrir collectivement-Repenser sa consommation-Œuvrer ensemble,Vendée
56,PiNG,Lab Ouest,123 Boulevard Louis Blanc 85000 La Roche-sur-Yon,Non renseigné,https://www.lab-ouest.org/tiki-index.php,Professionnels – Citoyens,T-O-D,Lab-Ouest est un nouveau fablab associatif à La Roche-sur-Yon : un laboratoire de fabrication. Un lieu ouvert au public où il est mis à disposition toutes sortes d'outils  notamment des machines-outils pilotées par ordinateur  pour la conception et la réalisation d'objets.,https://www.lab-ouest.org/tiki-download_file.php?fileId=27&display,,Association,85,46.67282,-1.435077,123 Boulevard Louis Blanc 85000 La Roche-sur-Yon,0.96,housenumber,85191_1430_00123,123,Boulevard Louis Blanc,,85000,La Roche-sur-Yon,85  Vendée  Pays de la Loire,85191,,,,46.67282,-1.435077,T,D,,O,Renouveler le travail,Découvrir collectivement,,Œuvrer ensemble,Renouveler le travail-Découvrir collectivement--Œuvrer ensemble,Vendée
57,CGET,Espace Flo'tille,31 bis rue Amiral Alquier La Flocellière Sèvremont,09 80 51 95 97,http://www.paysdepouzauges.fr/fr/economie/espace-flotille,Professionnels – Citoyens,T,La Flo’tille est un espace de travail partagé  un lieu connecté et ouvert  un endroit convivial pour travailler  échanger  s’inspirer. Les travailleurs nomades  les indépendants  les entreprenants  trouveront dans ce lieu une solution à leur besoin de m2 et un espace pour réinventer leurs façons de travailler.,https://www.paysdepouzauges.fr/data/photo1_10981023225a7da2c74de59.jpg,https://www.paysdepouzauges.fr/data/photo1_10981023225a7da2c74de59.jpg,Association,85,46.832206,-0.863155,Rue Amiral Alquier 85700 Sèvremont,0.54,street,85090_0020,,Rue Amiral Alquier,,85700,Sèvremont,85  Vendée  Pays de la Loire,85090,85090,La Flocellière,,46.832206,-0.863155,T,,,,Renouveler le travail,,,,Renouveler le travail---,Vendée
58,CRESS,Le Girafoscope – ArMulETe,69 bis rue des Loges85200 Fontenay-le-Comte,07 82 20 68 28,https://www.armulete.fr/chez-nous-au-girafoscope/,Professionnels – Citoyens,D,Le Girafoscope émane d'un besoin de l'association ArMulETe (Arts Multiples En Territoire) de développer davantage des rencontres avec les arts  et en particulier avec les publics les plus éloignés traditionnellement de la pratique artistique. Lors d'une recherche-action effectuée par la porteuse de projet  portant sur la nécessité d'innover  en particulier dans ce territoire déshérité du Sud Vendée  le postulat a été que la culture est un moyen de contribuer au développement local  en créant une activité également sociale  économique  etc.  La question des tiers lieux  des cafés associatifs  des centres sociaux culturels etc a été explorée  pour parvenir à la conclusion qu'un tiers lieu artistique serait un outil idéal pour aller plus loin dans le développement de la pratique culturelle tout en contribuant plus largement au développement territorial. L'idée du Girafoscope est donc de favoriser l'intelligence collective  la coopération  la mutualisation des moyens pour permettre aux habitants - et notamment ceux du quartier prioritaire sur lequel est installé le Girafoscope - et artistes  mais aussi partenaires culturels et sociaux  collectivités locales etc  d'inventer ensemble un nouvel espace d'expérimentation artistique.,,,Association,85,46.467381,-0.804077,Rue des Loges 85200 Fontenay-le-Comte,0.78,street,85092_1150,,Rue des Loges,,85200,Fontenay-le-Comte,85  Vendée  Pays de la Loire,85092,,,,46.467381,-0.804077,,D,,,,Découvrir collectivement,,,-Découvrir collectivement--,Vendée
59,CGET – CRESS – PiNG,Lab’Oddas’Sieux,Maison de quartier 11 rue du Gaingalet 85200 Fontenay-le-Comte,02 51 69 26 53,http://oddas.centres-sociaux.fr/fabrique-numerique/fablab-fa,Professionnels – Citoyens,T-O-D,"La création de la Maison de Quartier des Moulins en 2016 est l'aboutissement d'une réflexion interne à l'association ODDAS qui porte un projet de centre social implanté dans un quartier prioritaire de Fontenay le Comte. Il s'agissait d'aboutir à la transformation d'un lieu consacré à l'animation jeunesse en un ""autre lieu"" ouvert promouvant les mixités sociales et générationnelles  en toute convivialité… Initié par la création expérimentale d'un Fablab junior en écho à une action ""Repair café"" portée par des habitants  le projet de laboratoire de fabrication numérique  qui laisse une large place au bricolage traditionnel  s'est progressivement développé grâce à l'investissement de nombreux habitants partageant connaissances et compétences. Bénéficiant de plusieurs micro-financements  il trouve aussi sa force dans des partenariats avec des associations et des structures éducatives locales. Véritable lieu de vie  la Maison de Quartier des Moulins accueille aujourd'hui de multiples projets de fabrications et de médiations numériques.",https://oddas.centres-sociaux.fr/files/2018/04/cropped-Oddas.png,https://www.cestpossible.me/wp-content/uploads/2017/12/fablab_06-1350x900.jpg,Association,85,46.459185,-0.785164,11 Rue du Gaingalet 85200 Fontenay-le-Comte,0.67,housenumber,85092_0735_00011,11,Rue du Gaingalet,,85200,Fontenay-le-Comte,85  Vendée  Pays de la Loire,85092,,,,46.459185,-0.785164,T,D,,O,Renouveler le travail,Découvrir collectivement,,Œuvrer ensemble,Renouveler le travail-Découvrir collectivement--Œuvrer ensemble,Vendée
60,PiNG – CRESS,Le Ludy Lab,2 rue du Bocage Chambretaud 85500 Chanverrie,02 51 63 94 90,https://www.ludylab.fr/,Professionnels – Citoyens,O-D,Le LUDyLAB est un living lab  un lieu de rencontre qui rassemble chercheurs  entrepreneurs  start-upers  artistes et usagers.  Ancienne friche industrielle réhabilitée d’une superficie de 4 500 m²  sa vocation est de permettre au plus grand nombre d’apprendre en s’amusant  dans la tradition des « Makers »  tout en découvrant les nouvelles technologies.,https://www.ludylab.fr/wp-content/uploads/2017/07/logo-ludylab-blanc-orange-header.png,https://www.ludylab.fr/wp-content/uploads/2019/06/coworking_01-1024x576.jpg,Entreprise,85,46.922565,-0.962397,2 Rue du Bocage (Chambretaud) 85500 Chanverrie,0.94,housenumber,85048_0015_00002,2,Rue du Bocage (Chambretaud),,85500,Chanverrie,85  Vendée  Pays de la Loire,85302,85048,Chambretaud,,46.922565,-0.962397,,D,,O,,Découvrir collectivement,,Œuvrer ensemble,-Découvrir collectivement--Œuvrer ensemble,Vendée
61,CRESS,Le Moulin créatif,4 rue Saint-Exupéry 85600 Saint-Hilaire-De-Loulay,07 66 61 00 35,https://www.facebook.com/lemoulincreatif/,Professionnels – Citoyens,T,Un bâtiment en bordure du centre-ville  proche de la gare de Montaigu  avec un esprit industriel assumé. Un lieu parfait pour entreprendre autrement dans une ambiance collaborative et conviviale. Un projet qui met l'humain au cœur de l'économie et qui encourage l'émergence d'initiatives innovantes  qui réinvente notre manière de travailler.,https://scontent-cdt1-1.xx.fbcdn.net/v/t31.0-8/p960x960/27982981_1699214226806694_8108740378968114646_o.jpg?_nc_cat=103&_nc_ohc=zdKWS2HiVZkAQnVJR22ijXh8QMZvNO-VTDQP7hsPfdu39ndyNK-fnENow&_nc_ht=scontent-cdt1-1.xx&oh=a26011df07c18f41e6ef517a81bb18fa&oe=5E4A01D2,,Association,85,46.980371,-1.330094,4 Rue St Exupery 85600 Montaigu-Vendée,0.41,housenumber,85224_0067_00004,4,Rue St Exupery,,85600,Montaigu-Vendée,85  Vendée  Pays de la Loire,85146,85224,Saint-Hilaire-de-Loulay,,46.980371,-1.330094,T,,,,Renouveler le travail,,,,Renouveler le travail---,Vendée
62,PiNG – CRESS – CGET,Le boc@l,Centre social du chemillois 5 rue de la Gabradière 49120 Chemillé-Mellay,02 41 30 50 55,https://bocal.csc49.fr/,Professionnels – Citoyens,T-O-D,Le fablab de Chemillé est un atelier de fabrication numérique où l’on peut utiliser des machines de découpe  des imprimantes 3D … permettant de travailler sur des matériaux variés : plastique  bois  carton  vinyle  … afin de créer toute sorte d’objet grâce à la conception assistée par ordinateur ou à l’électronique. Le fablab est aussi un lieu d’échange de compétences techniques. ,https://bocal.csc49.fr/wp-content/themes/Lucid2/bandeau.png,,Association,49,47.182488,-0.693821,5 Rue de la Gagnerie (Melay) 49120 Chemillé-en-Anjou,0.45,housenumber,49199_0050_00005,5,Rue de la Gagnerie (Melay),,49120,Chemillé-en-Anjou,49  Maine-et-Loire  Pays de la Loire,49092,49199,Melay,,47.182488,-0.693821,T,D,,O,Renouveler le travail,Découvrir collectivement,,Œuvrer ensemble,Renouveler le travail-Découvrir collectivement--Œuvrer ensemble,Maine-et-Loire
63,CGET,Weforge Angers,25 rue Lenepveu 49000 Angers,02 44 88 93 18 ,http://www.weforge.fr/,Professionnels,T,Weforge  surnommée The BANZAIII Camp  est une structure 100 % privée qui  depuis 2013  accompagne les porteurs de projet dans leur réussite en mettant à leur disposition des locaux et en organisant régulièrement des événements networking et des workshops thématiques  des mises en relation avec des réseaux d’entrepreneurs  de clients  d’investisseurs et de prestataires.,https://www.weforge.fr/wn/project/images/weforge-global-logo.png,https://www.weforge.fr/storage/2020/02/page-a-propos.jpg,Entreprise,49,47.472107,-0.551202,25 Rue Lenepveu 49100 Angers,0.84,housenumber,49007_4750_00025,25,Rue Lenepveu,,49100,Angers,49  Maine-et-Loire  Pays de la Loire,49007,,,,47.472107,-0.551202,T,,,,Renouveler le travail,,,,Renouveler le travail---,Maine-et-Loire
64,CGET,Espace OASIS,1 Rue Saint Samson 49100 Angers,02 41 86 19 18,https://oasisangers.wixsite.com/espaceoasis,Professionnels,T,Espace de coworking à Angers.,https://static.wixstatic.com/media/746533_1fbb414e8811470e9ab9e17878d49426~mv2_d_5312_2988_s_4_2.jpg/v1/fill/w_920 h_523 al_c q_85 usm_0.66_1.00_0.01/746533_1fbb414e8811470e9ab9e17878d49426~mv2_d_5312_2988_s_4_2.webp,https://static.wixstatic.com/media/746533_cc35c53c51024ce8862407f56d95abc7~mv2_d_5312_2988_s_4_2.jpg/v1/fill/w_568 h_319 al_c q_80 usm_0.66_1.00_0.01/746533_cc35c53c51024ce8862407f56d95abc7~mv2_d_5312_2988_s_4_2.jpg,Entreprise,49,47.476745,-0.5433,1 Rue Saint-samson 49100 Angers,0.96,housenumber,49007_7345_00001,1,Rue Saint-samson,,49100,Angers,49  Maine-et-Loire  Pays de la Loire,49007,,,,47.476745,-0.5433,T,,,,Renouveler le travail,,,,Renouveler le travail---,Maine-et-Loire
65,CGET,Espace OASIS 2,12 Rue Saint Maurille 49100 Angers,02 41 86 19 18,https://oasisangers.wixsite.com/espaceoasis,Professionnels,T,Espace de coworking à Angers.,https://static.wixstatic.com/media/746533_1fbb414e8811470e9ab9e17878d49426~mv2_d_5312_2988_s_4_2.jpg/v1/fill/w_920 h_523 al_c q_85 usm_0.66_1.00_0.01/746533_1fbb414e8811470e9ab9e17878d49426~mv2_d_5312_2988_s_4_2.webp,,Entreprise,49,47.471331,-0.5497,12 Rue Saint-maurille 49100 Angers,0.96,housenumber,49007_7310_00012,12,Rue Saint-maurille,,49100,Angers,49  Maine-et-Loire  Pays de la Loire,49007,,,,47.471331,-0.5497,T,,,,Renouveler le travail,,,,Renouveler le travail---,Maine-et-Loire
66,CGET,SynerJ,12 place Imbach 49100 Angers,02 41 05 48 00,http://www.angers.fr/vivre-a-angers/jeunes-a-angers/le-j-angers-connectee-jeunesse/synerj-l-espace-de-coworking-du-j/index.html,Professionnels,T,Un nouvel espace de travail partagé  proposé par la ville d'Angers  installé au sein du J  pour les habitants de la communauté urbaine d’ALM  travaillant dans le numérique  télétravailleurs  créatifs  jeunes entreprises… ,http://www.angers.fr/fileadmin/plugin/tx_dcdfal/_processed_/csm_logo-synerj-v3_7e31fde4b7.gif,http://www.angers.fr/uploads/pics/synerj.jpg,Association,49,47.473792,-0.548854,12 Place Louis Imbach 49100 Angers,0.8,housenumber,49007_4970_00012,12,Place Louis Imbach,,49100,Angers,49  Maine-et-Loire  Pays de la Loire,49007,,,,47.473792,-0.548854,T,,,,Renouveler le travail,,,,Renouveler le travail---,Maine-et-Loire
67,CGET,ESPACE CO 49,6 Rue René Brémont 49100 Angers,02 41 86 81 10,https://www.espaceco49.com/,Professionnels,T,Espace pour les indépendants  auto-entrepreneurs  cadres en télétravail  créateurs  TPEs… qui souhaitent rejoindre un espace de travail inspirant   créatif et relationnel pour 1 jour  1 semaine  1 mois et plus  accueillir leurs clients pour valoriser leur travail et développer leur business. ,https://static.wixstatic.com/media/6188c2_774f8ee2384d4d65bc427c5f8dd0dbfe~mv2.png/v1/fill/w_149 h_120 al_c q_80 usm_0.66_1.00_0.01/logoespaceco49-wix.webp,https://static.wixstatic.com/media/6188c2_3a0bec0e22bb479b8daeedee6f9e5173~mv2_d_4032_3024_s_4_2.jpg/v1/fill/w_800 h_600 al_c q_85 usm_0.66_1.00_0.01/6188c2_3a0bec0e22bb479b8daeedee6f9e5173~mv2_d_4032_3024_s_4_2.jpg,Entreprise,49,47.465918,-0.559505,6 Rue René Bremont 49100 Angers,0.96,housenumber,49007_6730_00006,6,Rue René Bremont,,49100,Angers,49  Maine-et-Loire  Pays de la Loire,49007,,,,47.465918,-0.559505,T,,,,Renouveler le travail,,,,Renouveler le travail---,Maine-et-Loire
68,CRESS,Le 122 - Paï Paï,122 Rue de la Chalouère 49100 Angers,02 41 17 37 94,https://assopaipai.org/,Professionnels – Citoyens,T-O-D,Tiers-lieu éducatif  numérique et culturel porté par l'association Paï Paï en partenariat avec les collectivités locales. Ce bâtiment réunit un lieu de vie (bar  restauration)  un espace d'accueil et d'animation  des espaces média (vidéo  son)  des salles d'ateliers pédagogiques (arts-plastiques  numérique  musical)  les bureaux de l'association  des espaces de co-working et une salle de réunion.,https://assopaipai.org/sites/assopaipai.org/files/logo_0_1.png,https://d2homsd77vx6d2.cloudfront.net/cache/a/f/af0d81199cc7a8f0f7d2efd15d9f2fd2.png,Association,49,47.48428,-0.534164,122 Rue de la Chalouère 49100 Angers,0.96,housenumber,49007_1480_00122,122,Rue de la Chalouère,,49100,Angers,49  Maine-et-Loire  Pays de la Loire,49007,,,,47.48428,-0.534164,T,D,,O,Renouveler le travail,Découvrir collectivement,,Œuvrer ensemble,Renouveler le travail-Découvrir collectivement--Œuvrer ensemble,Maine-et-Loire
69,CRESS,Tiers Lieu Angers French Tech,36 rue Thiers Angers  49000,Non renseigné,https://www.angersfrenchtech.com/nos-offres/tiers-lieu/,Professionnels – Citoyens,T-D,Lieu de rassemblement  hébergement et évènementiel  de l'écosystème Tech (digital  électronique) angevin,https://www.angersfrenchtech.com/wp-content/uploads/2019/09/logo-angers-french-tech-horizontal-blanc-fond-transparent-.png,https://www.angersfrenchtech.com/wp-content/uploads/2019/10/20190225_180400-768x373.jpg,SCIC,49,47.442048,-0.565845,36 Rue du Lierre 49000 Angers,0.56,housenumber,49007_4813_00036,36,Rue du Lierre,,49000,Angers,49  Maine-et-Loire  Pays de la Loire,49007,,,,47.442048,-0.565845,T,D,,,Renouveler le travail,Découvrir collectivement,,,Renouveler le travail-Découvrir collectivement--,Maine-et-Loire
70,CRESS,Le Roch'Lab,ZA les Gours  49190 Rochefort sur Loire,07 68 20 11 01,https://lerochlab.fr/,Professionnels – Citoyens,T-O-D,Tiers-lieu en naissance  culturel et créatif  lieu de partage d'activités pour métiers créatifs (coworking  expos  événements  transmission de savoir  mutualisation  sensibilisation au ré-emploi  promotion de l'économie circulaire créative),https://lerochlab.fr/wp-content/uploads/2018/08/logo-rochlab-blanc-sans-texte.png,https://lerochlab.fr/wp-content/uploads/2019/02/3114-585x390.jpg,Association,49,47.363404,-0.638889,Le Clos des Gours 49190 Rochefort-sur-Loire,0.72,locality,49259_b147,,Le Clos des Gours,,49190,Rochefort-sur-Loire,49  Maine-et-Loire  Pays de la Loire,49259,,,,47.363404,-0.638889,T,D,,O,Renouveler le travail,Découvrir collectivement,,Œuvrer ensemble,Renouveler le travail-Découvrir collectivement--Œuvrer ensemble,Maine-et-Loire
71,CRESS,Centrale 7,Rue du Carreau de Bois II Nyoiseau 49500 Segré-en-Anjou Bleu,02 41 61 30 34,http://centrale7.net,Professionnels – Citoyens,T-O-D,Installée depuis 2006 sur la friche industrielle des anciennes Mines de Fer de Segré-en-Anjou Bleu  l'association Centrale 7 propose des ateliers aux artistes  collectifs  compagnies... et travaille à la création et à la diffusion artistique en milieu rural.,,http://centrale7.net/wordpress/wp-content/uploads/2014/01/atelier.jpg,Association,49,47.702007,-0.93054,Rue du Carreau (Nyoiseau) 49500 Segré-en-Anjou Bleu,0.78,locality,49233_0057,,Rue du Carreau (Nyoiseau),,49500,Segré-en-Anjou Bleu,49  Maine-et-Loire  Pays de la Loire,49331,49233,Nyoiseau,,47.702007,-0.93054,T,D,,O,Renouveler le travail,Découvrir collectivement,,Œuvrer ensemble,Renouveler le travail-Découvrir collectivement--Œuvrer ensemble,Maine-et-Loire
72,CRESS,C'est Bio l'Anjou,56 Avenue d'Angers 49190 Rochefort-sur-Loire,06 03 47 18 53,https://www.facebook.com/cestbiolanjou/,Professionnels – Citoyens,T-O-D,Cuisine collaborative réunissant acteurs bio du territoire - éleveurs  traiteurs  formateurs  cuisiniers - pour mutualiser le matériel et croiser les réseaux en réponse à la crise écologique  dans un esprit d'entraide.,https://scontent-cdt1-1.xx.fbcdn.net/v/t1.0-9/53403655_303827100306419_6440642492185444352_n.png?_nc_cat=100&_nc_ohc=KeJygtakPiIAQm7QvSualAHppMlo2XhQdxZ_o4Ny_1cl-N06Ehn5mVUPA&_nc_ht=scontent-cdt1-1.xx&oh=e572e5778c3bfab884a645c17e878fee&oe=5E47A804,,SAS ESUS,49,47.359087,-0.649008,56 Avenue d'Angers 49190 Rochefort-sur-Loire,0.94,housenumber,49259_0024_00056,56,Avenue d'Angers,,49190,Rochefort-sur-Loire,49  Maine-et-Loire  Pays de la Loire,49259,,,,47.359087,-0.649008,T,D,,O,Renouveler le travail,Découvrir collectivement,,Œuvrer ensemble,Renouveler le travail-Découvrir collectivement--Œuvrer ensemble,Maine-et-Loire
73,PiNG,ßricoLab,8 rue de Bellevue 49630 Corné,02 41 68 15 72,http://bricolab.aicla.fr/,Citoyens,O-D,"BricoLab’= Brico + Collaboratif + Loire Authion + Laboratoire. Depuis quelques temps  l’AIDAL et ses bénévoles tentent de mettre en place un lieu de bricolage collaboratif sur Loire-Authion  dans la lignée des fablabs  lieux où l’on fait soi-même avec les autres  autour de la fabrication et de la création numérique. 
C’est un lieu de rencontre et d’échange  utilisé par les amateurs (habitants  artistes  entrepreneurs locaux  jeunes  retraités  homes  femmes…)
Le BricoLab’ prône le partage des connaissances  les savoir-faire  le faire soi-même et le savoir collectif. Il œuvre à la liberté et à l’autonomie de chacun dans une égalité devant les connaissances. Il réhabilite le travail manuel toujours sous-estimé dans notre société etpermet d’apprendre par la pratique.",http://bricolab.aicla.fr/logo_bricolab.jpg,,Association,49,47.472125,-0.35128,Rue de Bellevue 49800 Loire-Authion,0.54,street,49106_0022,,Rue de Bellevue,,49800,Loire-Authion,49  Maine-et-Loire  Pays de la Loire,49307,49106,Corné,,47.472125,-0.35128,,D,,O,,Découvrir collectivement,,Œuvrer ensemble,-Découvrir collectivement--Œuvrer ensemble,Maine-et-Loire
74,PiNG,Centre Social l'Atelier,5 rue de Savennières 49170 St-Georges sur Loire,02 41 39 17 11,https://latelier.centres-sociaux.fr/,Citoyens,O-D,L’Atelier est une association d’habitants  accompagnée par des professionnels  dont l’objectif est de développer socialement le territoire. Sa mission première consiste à appuyer les initiatives des habitants pour répondre à leurs besoins. Située à Saint Georges sur Loire  elle rayonne sur 9 communes : Champtocé sur Loire  Saint Georges sur Loire  Saint Germain des Prés  La Possonnière  Savennières  Béhuard  Saint Martin du Fouilloux  Saint Léger des Bois et Saint Jean de Linières  avec une population de 16 000 personnes. L’association porte notamment un cybercentre  un repair café  et une Maison de Services Au Public.,https://latelier.centres-sociaux.fr/files/2017/12/logo-latelier-blanc.jpg,,Association,49,47.406964,-0.757777,5 Rue de Savennières 49170 Saint-Georges-sur-Loire,0.85,housenumber,49283_0101_00005,5,Rue de Savennières,,49170,Saint-Georges-sur-Loire,49  Maine-et-Loire  Pays de la Loire,49283,,,,47.406964,-0.757777,,D,,O,,Découvrir collectivement,,Œuvrer ensemble,-Découvrir collectivement--Œuvrer ensemble,Maine-et-Loire
75,PiNG,Centre social ESPACE Baugeois,Square du pont des fées Baugé 49150 Baugé en Anjou,02 41 89 84 00,https://www.espacebaugeois.org,Citoyens,O-D,Le Centre Social ESPACE Baugeois développe des actions s’appuyant sur des valeurs fortes de Solidarité dans une démarche d’éducation populaire. Il accueille de nombreux projets créateurs de liens comme un Cybercentre et un Repair Café.,,,Association,49,47.538645,-0.096139,Square du Pont des Fées 49150 Baugé-en-Anjou,0.84,street,49018_1582,,Square du Pont des Fées,,49150,Baugé-en-Anjou,49  Maine-et-Loire  Pays de la Loire,49018,49018,Baugé,,47.538645,-0.096139,,D,,O,,Découvrir collectivement,,Œuvrer ensemble,-Découvrir collectivement--Œuvrer ensemble,Maine-et-Loire
76,CGET,Regus Express Le Mans,Place du 8 Mai 1945 72000 Le Mans,0800 023 077 ,http://www.regus.fr/locations/office-space/le-mans-gare-sncf-regus-express,Professionnels,T,Le centre de la Gare du Mans est idéalement situé dans la gare TGV  au cœur du quartier d'affaires de la ville. Il offre des espaces permettant de travailler en toute tranquillité et aux collaborateurs itinérants voyageant en train de bénéficier d'un environnement professionnel doté de tout ce dont ils ont besoin.,https://www.regus.fr/Images/regus-logo-black-red-blob@2x.png,https://www.justacote.com/photos_entreprises/regus---le-mans--gare-sncf--regus-express-le-mans-5994ca474e593.jpg,Entreprise,72,47.99601,0.191548,Place du 8-mai-1945 72000 Le Mans,0.96,street,72181_2732,,Place du 8-mai-1945,,72000,Le Mans,72  Sarthe  Pays de la Loire,72181,,,,47.99601,0.191548,T,,,,Renouveler le travail,,,,Renouveler le travail---,Sarthe
77,CGET,La Ruche Numérique,1 Boulevard René Levasseur 72100 Le Mans,02 43 21 00 01,https://www.laruchenumerique.com,Professionnels,T,La Ruche Numérique c’est à la fois une équipe dynamique et disponible et un espace de coworking pour travailler  à la demie journée  à la journée  au mois  ouvert du lundi au vendredi  de 9h à 18h non stop!,https://www.laruchenumerique.com/wp-content/uploads/2015/07/CCI-Ruche-Numerique-CMJN-01.png,https://www.laruchenumerique.com/wp-content/uploads/elementor/thumbs/header_coworking-ohpwga6gakdqmjsfx35afj3c580je1lr9t4ie7j4xo.jpg,Association,72,48.003758,0.197143,1 Boulevard René Levasseur 72000 Le Mans,0.87,housenumber,72181_4590_00001,1,Boulevard René Levasseur,,72000,Le Mans,72  Sarthe  Pays de la Loire,72181,,,,48.003758,0.197143,T,,,,Renouveler le travail,,,,Renouveler le travail---,Sarthe
78,CGET,La Tribu Co_working,10 Rue du Docteur Leroy 72100 Le Mans,02 72 88 34 88,http://www.latribucw.fr,Professionnels,T,Cet espace de coworking met à disposition des bureaux à partager et des salles de réunion. Il est également possible de participer aux animations proposées par les coworkers (atelier  formation  conférence  …). Le tout  dans une ambiance de travail collaborative et alternative.,http://www.latribucw.fr/wp-content/uploads/2016/10/Logo_La_Tribu_CW-3.png,http://www.latribucw.fr/wp-content/uploads/2016/10/espace_r-1640x686-1170x400.png,Entreprise,72,48.003062,0.195891,10 Rue du Docteur Leroy 72000 Le Mans,0.87,housenumber,72181_1685_00010,10,Rue du Docteur Leroy,,72000,Le Mans,72  Sarthe  Pays de la Loire,72181,,,,48.003062,0.195891,T,,,,Renouveler le travail,,,,Renouveler le travail---,Sarthe
79,CRESS,Hangar Créalab,43 Place d’Alger 72000 Le Mans,Non renseigné,http://hangar-crealab.fr,Professionnels – Citoyens,T-O-D,Lieu de travail et d'ouverture(s) dédié à l'experimentation des processus créatifs.  Le hangar est un lieu de coworking conçu pour et par les occupants proposant aux professionnels des bureaux  ateliers et une salle de réunion. Il y a aussi un créalab qui evolue et s'adapte aux besoins : expositions  labo de création  présentation publique  conférences  ateliers de conception  residence d'artistes  réunions...,https://i2.wp.com/hangar-crealab.fr/wp/wp-content/uploads/2016/08/ROND-noir-pictoblanc-e1472306738461.png?fit=244%2C249,https://i2.wp.com/hangar-crealab.fr/wp/wp-content/uploads/2016/08/DSCF0781.jpg?resize=1180%2C435,Association,72,48.001866,0.193392,43 Rue d'Alger 72000 Le Mans,0.73,housenumber,72181_0145_00043,43,Rue d'Alger,,72000,Le Mans,72  Sarthe  Pays de la Loire,72181,,,,48.001866,0.193392,T,D,,O,Renouveler le travail,Découvrir collectivement,,Œuvrer ensemble,Renouveler le travail-Découvrir collectivement--Œuvrer ensemble,Sarthe
80,CGET,Village Factory Asnière-sur-Vègre,2 bis Rue du Lavoir 72430 Asnières-sur-Vègre,06 14 56 96 76,http://www.asnieres.village-factory.net,Professionnels,T,Ce tiers-lieu rural situé dans une ancienne école est à la fois un espace de coworking  un lieu de rencontre de réseaux professionnels mais aussi un espace de vie et d'activités culturelles  numériques (...).,http://www.asnieres.village-factory.net/wp-content/uploads/2015/05/LOGO-VFA-d%C3%A9tour.png,http://www.asnieres.village-factory.net/wp-content/uploads/2017/11/IMG_0073-1.jpg,Association,72,47.888127,-0.23281,Rue du Lavoir 72430 Asnières-sur-Vègre,0.81,street,72010_0010,,Rue du Lavoir,,72430,Asnières-sur-Vègre,72  Sarthe  Pays de la Loire,72010,,,,47.888127,-0.23281,T,,,,Renouveler le travail,,,,Renouveler le travail---,Sarthe
81,CGET – PiNG,HAUM,(2eme étage) 57 boulevard Demorieux  72100 Le Mans,Non renseigné,http://haum.org/,Professionnels – Citoyens,T-O-D,"Le « Hackerspace Au Mans » (HAUM) est une association sarthoise adepte de la philosophie du ""Faites-le vous-même"" (""Do-It-Yourself"" en anglais). Ouverte à tou(te)s  si l'envie démange de comprendre comment fonctionnent les objets du quotidien qui nous entourent  que l'esprit fourmille d'idées et que  comme eux  on aime bricoler.",https://haum.org/theme/images/badge_close.png,https://photos.haum.org/albums/local/p1110276_29071594444_o.jpg,Association,72,47.993797,0.185292,57 Boulevard Demorieux 72100 Le Mans,0.73,housenumber,72181_1590_00057,57,Boulevard Demorieux,,72100,Le Mans,72  Sarthe  Pays de la Loire,72181,,,,47.993797,0.185292,T,D,,O,Renouveler le travail,Découvrir collectivement,,Œuvrer ensemble,Renouveler le travail-Découvrir collectivement--Œuvrer ensemble,Sarthe
82,CRESS,Le 2-4,2-4 rue des rosiers 53140 Pré-en-Pail ,02 43 08 23 74,https://collectif2-4.org/,Professionnels – Citoyens,T-O-D-C,Le « 2–4 » est un local de plus de 1000 m²  situé dans le centre-bourg de Pré-en-Pail. C’est un pôle d’associations d’éducation populaire qui partagent une action quotidienne de proximité et travaillent au maintien et à la création du lien social entre les habitants  en favorisant l’échange entre les générations  les cultures  les genres.,https://collectif2-4.org/images/Organization/collectif_2-4/logo_collectif_2-4_blanc--240.png,https://2.bp.blogspot.com/-4kAlqNeZiZQ/VV3XEUS_XPI/AAAAAAAAAl0/HBg3hHhZsBs/s400/DSCF1377.JPG,Association,53,48.460351,-0.200845,4 Rue des Rosiers 53140 Pré-en-Pail-Saint-Samson,0.66,housenumber,53185_0580_00004,4,Rue des Rosiers,,53140,Pré-en-Pail-Saint-Samson,53  Mayenne  Pays de la Loire,53185,53185,Pré-en-Pail,,48.460351,-0.200845,T,D,C,O,Renouveler le travail,Découvrir collectivement,Repenser sa consommation,Œuvrer ensemble,Renouveler le travail-Découvrir collectivement-Repenser sa consommation-Œuvrer ensemble,Mayenne
83,CRESS,Tiers-Lieu à St-Denis-de-Gastines,2 rue de Bretagne 53500 Saint-Denis-de-Gastines,07 57 41 62 31,https://www.facebook.com/tierslieusddg/,Professionnels – Citoyens,T-O-D,La naissance du tiers-lieu de St-Denis-de-Gastines est issue de la rencontre de plusieurs projets aux objectifs communs portés par la commune de St-Denis-de-Gastines  l'association Au Foin de la Rue et la communauté de communes de l'Ernée. Les réflexions partagées autour de ce projet de lieu ont suscité la création d'un comité de pilotage pour lancer une démarche participative  des visites de lieux inspirants et l'accompagnement extérieur pour créer collectivement un lieu qui ait du sens. A ce jour  le tiers-lieu de St-Denis-de-Gastines s’articule autour de différents espaces : la coque « travail » (espace de bureaux partagés  conciergerie  accueil  soutien numérique  espace repas partagé…)  la coque « jardin » (activités artistiques et culturelles  activités extérieures de loisirs et de détente…) et la coque « atelier » (atelier de fabrication artisan  ateliers loisirs créatifs  espace fablab  grainothèque…).,,,SCIC envisagée,53,48.341994,-0.857447,2 Rue de Bretagne 53500 Saint-Denis-de-Gastines,0.94,housenumber,53211_0080_00002,2,Rue de Bretagne,,53500,Saint-Denis-de-Gastines,53  Mayenne  Pays de la Loire,53211,,,,48.341994,-0.857447,T,D,,O,Renouveler le travail,Découvrir collectivement,,Œuvrer ensemble,Renouveler le travail-Découvrir collectivement--Œuvrer ensemble,Mayenne