INDEX,SOURCE,SOURCE_codes,NOM DU LIEU,ADRESSE
pingcarto1_,CGET,CGET,La Chapelle Coworking,134 Rue Paul Bellamy 44000 Nantes
pingcarto2_,CGET,CGET,Dot Parade,3 Rue Mercœur 44000 Nantes
pingcarto3_,CGET,CGET,Espace Esperluette,2 Place Dumoustier 44000 Nantes
pingcarto4_,CGET,CGET,La Prairie,22 Rue des Olivettes 44000 Nantes
pingcarto5_,CGET,CGET,La Corderie,2 bis Rue Urvoy de Saint-Bedan 44000 Nantes
pingcarto6_,CGET,CGET,DOJO Nantes,26 Boulevard Stalingrad 44000 Nantes
pingcarto7_,CGET,CGET,Le 144,144 Rue Paul Bellamy 44000 Nantes
pingcarto8_,CGET,CGET,La petite Serre,23 Rue Gambetta 44000 Nantes
pingcarto9_,CGET,CGET,Vacouva,43 Quai de Malakoff 44000 Nantes
pingcarto10_,CGET,CGET,Work'in salorges,16 Quai Ernest Renaud 44100 Nantes
pingcarto11_,CGET,CGET,Labo Arts & Techs / Stereolux,4 boulevard Léon Bureau 44000 Nantes
pingcarto12_,CGET,CGET,ADE Nantes,9 Rue du Petit Châtelier 44300 Nantes
pingcarto13_,PiNG – CGET – CAP Tiers-Lieux,PiNG-CGET-CAPTL,La Cantine numérique,11 Rue la noue bras de fer 44200 Nantes
pingcarto14_,CGET,CGET,La Cordée Nantes,32bis rue Fouré 44000 Nantes  
pingcarto15_,CGET,CGET,L’Atelier 9,9 Rue des Olivettes 44000 Nantes
pingcarto16_,CAP Tiers-Lieux,CAPTL,La Conciergerie Coworking,20 Mail des Chantiers 44000 Nantes
pingcarto17_,CAP Tiers-Lieux,CAPTL,La Conciergerie du Parc,24 Mail des Chantiers 44000 Nantes
pingcarto18_,CAP Tiers-Lieux,CAPTL,La Conciergerie du Front Pop',1 Mail du Front Populaire 44000 Nantes
pingcarto19_,CAP Tiers-Lieux – CGET,CAPTL-CGET,Le Solilab,8 rue Saint Domingue 44200 NANTES
pingcarto20_,CAP Tiers-Lieux,CAPTL,ORA,7 rue Magdeleine 44200 Nantes
pingcarto21_,PiNG – CAP Tiers-Lieux – CGET,PiNG-CAPTL-CGET,Plateforme C,Quai des Antilles hangar 30 44200 Nantes
pingcarto22_,PiNG – CAP Tiers-Lieux – CGET,PiNG-CAPTL-CGET,Atelier Partagé du Breil,38 rue du Breil 44100 Nantes
pingcarto23_,CAP Tiers-Lieux,CAPTL,Le Grand Bain,23 Allée Baco 44000 Nantes
pingcarto24_,CAP Tiers-Lieux,CAPTL,La Galerie zéro déchet,5 Rue Fénelon 44000 Nantes
pingcarto25_,PiNG – CAP Tiers-Lieux – CGET,PiNG-CAPTL-CGET,Association Médiagraph,1 rue d'Auvours  44000 Nantes
pingcarto26_,CAP Tiers-Lieux,CAPTL,La Station,15 quai Ernest Renaud 44100 Nantes
pingcarto27_,CAP Tiers-Lieux,CAPTL,Wattignies Social Club,13 Boulevard des Martyrs Nantais de la Résistance 44000 Nantes
pingcarto28_,CAP Tiers-Lieux,CAPTL,Forum Titi,7 Rue Louis Blériot 44700 Orvault
pingcarto29_,PiNG,PiNG,Centre Socio-culturel de l’Allée Verte,1 rue de l’allée verte 44230 Saint-Sébastien-sur-Loire
pingcarto30_,CGET,CGET,Workhub,1 avenue des Lions 44800 Saint-Herblain
pingcarto31_,CGET – CAP Tiers-Lieux,CGET-CAPTL,La Ruche Saint-Nazaire,25 Rue de l'étoile du matin 44600 Saint-Nazaire
pingcarto32_,CGET,CGET,Office Coffee,21 Avenue du Commandant l'Herminier 44600 Saint-Nazaire
pingcarto33_,CAP Tiers-Lieux,CAPTL,Les abeilles 44,3 rue de l'Écluse Saint-Nazaire 44600 Saint-Nazaire
pingcarto34_,CGET,CGET,Le Périscop,18 Boulevard Paul Perrin 44600 Saint-Nazaire
pingcarto35_,PiNG,PiNG,Ecole d'Arts - Ateliers numériques,24 Avenue Léon Blum 44600 Saint-Nazaire
pingcarto36_,CAP Tiers-Lieux – PiNG,CAPTL-PiNG,Bluelab,66 Centre République 44600 Saint-Nazaire
pingcarto37_,PiNG,PiNG,Centre Socioculturel Tempo,7 rue du 11 novembre 44130 Blain
pingcarto38_,CAP Tiers-Lieux,CAPTL,La Minothèque,21 bis rue Louis Guihot 44130 Bouvron
pingcarto39_,CAP Tiers-Lieux,CAPTL,Le Transistore,La Chapelle sur Erdre
pingcarto40_,CAP Tiers-Lieux,CAPTL,Le Millelieu,1 rue Félix Platel 44310 Saint Philbert de Grand Lieu
pingcarto41_,CGET,CGET,Hackerspace LaFaCh (Amicale Laïque Castelbriantaise),13 Place Ernest Breant 44110 Châteaubriant
pingcarto42_,CGET,CGET,Cow-B,7 Rue Jean-Baptiste Olivier 44130 Bouvron
pingcarto43_,CGET,CGET,Le 3ème Lieu,8 place de l’Église 44170 Abbaretz
pingcarto44_,CGET,CGET,L’Incubacteur Estuaire et Sillon,La Croix Gaudin 44360 Saint-Etienne de Montluc
pingcarto45_,CGET – CAP Tiers-Lieux,CGET-CAPTL,Coworkstation,1 route de Saint Fiacre 44190 Gorges
pingcarto46_,PiNG – CGET – CAP Tiers-Lieux,PiNG-CGET-CAPTL,Gullivigne,6 rue des Filatures ZA de Tabari Sud  Clisson
pingcarto47_,CAP Tiers-Lieux,CAPTL,Cosy Parenthèse,3 Venelle de l’Escarpe 44190 Clisson
pingcarto48_,PiNG – CAP Tiers-Lieux,PiNG-CAPTL,Le Fablab Pays d’Ancenis,5 Place Armand de Béthune 44150 Ancenis
pingcarto49_,CAP Tiers-Lieux,CAPTL,Cultivons les Cailloux,2  rue de Charost 44150 Ancenis St Géréon 
pingcarto50_,CAP Tiers-Lieux,CAPTL,Cowork Notre Dame,21 Route de Nantes 44430 Le Loroux-Bottereau
pingcarto51_,CGET,CGET,La Folie,2 bis Avenue de L’Ile de France 85160 St-Jean-de-Monts
pingcarto52_,CGET,CGET,La Loco Numérique,123 Boulevard Louis Blanc 85000 La Roche S/Yon
pingcarto53_,CAP Tiers-Lieux,CAPTL,Le Village de la Vergne,La Vergne Babouin  85000  La Roche-sur-Yon
pingcarto54_,PiNG,PiNG,Lab Ouest,123 Boulevard Louis Blanc 85000 La Roche-sur-Yon
pingcarto55_,CGET,CGET,Espace Flo'tille,31 bis rue Amiral Alquier La Flocellière Sèvremont
pingcarto56_,CAP Tiers-Lieux,CAPTL,Le Girafoscope – ArMulETe,69 bis rue des Loges 85200 Fontenay-le-Comte
pingcarto57_,CGET – CAP Tiers-Lieux – PiNG,CGET – CAPTL – PiNG,Lab’Oddas’Sieux,Maison de quartier 11 rue du Gaingalet 85200 Fontenay-le-Comte
pingcarto58_,PiNG – CAP Tiers-Lieux,PiNG-CAPTL,Le Ludy Lab,2 rue du Bocage Chambretaud 85500 Chanverrie
pingcarto59_,CAP Tiers-Lieux,CAPTL,Le Moulin créatif,4 rue Saint-Exupéry 85600 Saint-Hilaire-De-Loulay
pingcarto60_,PiNG – CAP Tiers-Lieux – CGET,PiNG-CAPTL-CGET,Le boc@l,Centre social du chemillois 5 rue de la Gabradière 49120 Chemillé en Anjou
pingcarto61_,CGET,CGET,Weforge Angers,25 rue Lenepveu 49000 Angers
pingcarto62_,CGET,CGET,Espace OASIS,1 Rue Saint Samson 49100 Angers
pingcarto63_,CGET,CGET,Espace OASIS 2,12 Rue Saint Maurille 49100 Angers
pingcarto64_,CGET,CGET,SynerJ,12 place Imbach 49100 Angers
pingcarto65_,CGET,CGET,ESPACE CO 49,6 Rue René Brémont 49100 Angers
pingcarto66_,CAP Tiers-Lieux,CAPTL,Le 122 - Paï Paï,122 Rue de la Chalouère 49100 Angers
pingcarto67_,CAP Tiers-Lieux,CAPTL,Tiers Lieu Angers French Tech,36 rue Thiers Angers 49000
pingcarto68_,CAP Tiers-Lieux,CAPTL,Le Roch'Lab,ZA les Gours  49190 Rochefort sur Loire
pingcarto69_,PiNG-CAP Tiers-Lieux,PiNG-CAPTL,Centrale 7,Rue du Carreau de Bois II Nyoiseau 49500 Segré-en-Anjou Bleu
pingcarto70_,CAP Tiers-Lieux,CAPTL,C'est Bio l'Anjou,56 Avenue d'Angers 49190 Rochefort-sur-Loire
pingcarto71_,PiNG,PiNG,ßricoLab,8 rue de Bellevue 49630 Corné
pingcarto72_,PiNG,PiNG,Centre Social l'Atelier,5 rue de Savennières 49170 St-Georges sur Loire
pingcarto73_,PiNG,PiNG,Centre social ESPACE Baugeois,Square du pont des fées Baugé 49150 Baugé en Anjou
pingcarto74_,CGET,CGET,Regus Express Le Mans,Place du 8 Mai 1945 72000 Le Mans
pingcarto75_,CGET,CGET,La Ruche Numérique,1 Boulevard René Levasseur 72100 Le Mans
pingcarto76_,CGET,CGET,La Tribu Co_working,10 Rue du Docteur Leroy 72100 Le Mans
pingcarto77_,CAP Tiers-Lieux,CAPTL,Hangar Créalab,43 Place d’Alger 72000 Le Mans
pingcarto78_,CGET – CAP Tiers-Lieux,CGET-CAPTL,Village Factory Asnière-sur-Vègre,2 bis Rue du Lavoir 72430 Asnières-sur-Vègre
pingcarto79_,CGET – PiNG,CGET-PiNG,HAUM,(2eme étage) 57 boulevard Demorieux  72100 Le Mans
pingcarto80_,CAP Tiers-Lieux,CAPTL,Le 2-4,2-4 rue des rosiers 53140 Pré-en-Pail 
pingcarto81_,CAP Tiers-Lieux,CAPTL,Tiers-Lieu à St-Denis-de-Gastines,2 rue de Bretagne 53500 Saint-Denis-de-Gastines
pingcarto82_,CGET,CGET,Coworking@lude,Allée de l'ancienne gare 72800 Le Lude
pingcarto83_,CGET,CGET,La Salle à Manger coworking,54 rue des hauts pavés 44000 Nantes
pingcarto84_,CGET – PiNG,CGET – PiNG,ICI Nantes,24  rue de la Mitrie 44000 NANTES
pingcarto85_,CGET,CGET,PlaceToCo,Immeuble Philae ZAC de la Colleraye  44260 Savenay
pingcarto86_,CGET,CGET,L'Usine-Tribu Créative,4 rue Marie Curie P.A. Vendée sud Loire 1
pingcarto87_,CGET – CAP Tiers-Lieux,CGET-CAPTL,Food Lab Solidaire,Allée des caves 49650 Brain sur Allonnes
pingcarto88_,CGET,CGET,Le Palace,4 rue Voltaire 44000 Nantes
pingcarto89_,CGET – CAP Tiers-Lieux,CGET-CAPTL,La Bernitude,28 Rue des Courettes 44760 La Bernerie-en-Retz
pingcarto90_,CGET – CAP Tiers-Lieux,CGET-CAPTL,La Mine au Tri,13 Rue du Huit Mai 44650 Corcoué-sur-Logne
pingcarto91_,CGET – CAP Tiers-Lieux,CGET-CAPTL," Château de Landebaudière 
",Rue du Commandant Sauvageot 85130 La Gaubretière
pingcarto92_,CGET,CGET,Le Centre & Co,10 Rue octave voyer 85100 Les Sables d'Olonne
pingcarto93_,CGET,CGET,Le Cercle Pointu,Rue de la Broderie 49120 Chemillé-en-Anjou
pingcarto94_,CGET,CGET,Le Puzzle,24 rue Crébillon 44000 Nantes
pingcarto95_,CGET,CGET,Loircowork,"Zone d’Activités Economiques de l’Aurière 72340 Loir en Vallée
"
pingcarto96_,CGET,CGET,Work in Excess,182 rue paul Bellamy 44000 Nantes
pingcarto97_,CGET,CGET,Le Jardin,36 avenue Albert Mun 44600 Saint-Nazaire
pingcarto98_,CGET – CAP Tiers-Lieux,CGET-CAPTL,L'Archipel,Zone Artisanale du Mottay 53240 Montflours
pingcarto99_,CGET,CGET,Hacoona,223 avenue des alliés 44150 Ancenis
pingcarto100_,CGET,CGET, LE 67 ateliers de créateurs , 67 rue du millau  44000 Nantes
pingcarto101_,CGET,CGET," Le Jardin 
", 36 avenue Albert de Mun 44600 Saint-Nazaire
pingcarto102_,CGET – CAP Tiers-Lieux,CGET-CAPTL,Le Planty ,8 rue des écoles 49460 Ecuillé 