Code postal,departement,dep_nom,Nom lieu,Adresse postale
44 000,44,Loire-Atlantique,Bureau de la Poste Bourgneuf-en-Retz,16 Rue de la Tailée (Bourgneuf-en-Retz) 44580 Villeneuve-en-Retz
44 000,44,Loire-Atlantique,CCAS,1 BIS Place Saint-Similien 44000 Nantes
44 000,44,Loire-Atlantique,CRIJ-CIJ,37 Rue Saint-Léonard 44000 Nantes
44 000,44,Loire-Atlantique,Espace Multimedia Accoord Malakoff,Rue d'Angleterre 44000 Nantes
44 000,44,Loire-Atlantique,Maison de l'emploi Malakoff,8 Rue d'Angleterre 44000 Nantes
44 000,44,Loire-Atlantique,Mediagraph,1 Rue d'Auvours 44000 Nantes
44 100,44,Loire-Atlantique,Centre socioculturel Bourderies,2 rue de Saint-Brevin 44100 Nantes
44 100,44,Loire-Atlantique,Dclic,19 Rue Auguste Renoir 44100 Nantes
44 100,44,Loire-Atlantique,La Maison des habitants et du citoyen,1 Place des Lauriers 44100 Nantes
44 100,44,Loire-Atlantique,Maison de l'emploi Bellevue,46 Boulevard Jean Moulin 44100 Nantes
44 100,44,Loire-Atlantique,Maison de l'emploi Dervallières,8 Rue Henri Matisse 44100 Nantes
44 100,44,Loire-Atlantique,Maison des habitants et du citoyen,1 Place des Lauriers 44100 Nantes
44 100,44,Loire-Atlantique,Médiathèque Lisa Bresner,23 Boulevard Émile Romanet 44100 Nantes
44 100,44,Loire Atlantique,Ping,38 rue du Breil
44 100,44,Loire-Atlantique,Regart's association,5 Rue du Gers 44100 Nantes
44 100,44,Loire-Atlantique,Dclic,19 Rue Auguste Renoir  44100 Nantes
44 110,44,Loire-Atlantique,Bibliothèque de Soudan,Rue Julien Masson 44110 Soudan
44 110,44,Loire-Atlantique,Bibliothèque de Villepot,Rue de la Chapelle 44110 Villepot
44 110,44,Loire-Atlantique,Bibliotheque Louisfert,4 Rue de la République 44110 Louisfert
44 110,44,Loire-Atlantique,Bibliothèque Noyal-sur-Brutz,5 Rue des Troènes 44110 Noyal-sur-Brutz
44 110,44,Loire-Atlantique,Blibliothèque Erbray,4 Rue du Rocher 44110 Erbray
44 110,44,Loire-Atlantique,Maison de l'Emploi du Pays de Châteaubriant,16 Rue Gabriel de la Tour 44110 Châteaubriant
44 110,44,Loire-Atlantique,Médiathèque Chateaubriant,6 Place Saint-Nicolas 44110 Châteaubriant
44 110,44,Loire-Atlantique,Pôle emploi Châteaubriant,10 Rue d'Ancenis 44110 Châteaubriant
44 117,44,Loire-Atlantique,Bibliothèque de saint-André-des-Eaux,Rue des Guifettes 44117 Saint-André-des-Eaux
44 119,44,Loire-Atlantique,CCAS Grandchamp des fontaines,25 Avenue du Général de Gaulle 44119 Grandchamps-des-Fontaines
44 119,44,Loire-Atlantique,Maison de l'emploi Grandchamp-des-fontaines,1 Rue des Cèdres 44119 Grandchamps-des-Fontaines
44 119,44,Loire-Atlantique,Médiathèque de Grandchamp des fontaines,Rue de Curette 44119 Grandchamps-des-Fontaines
44 119,44,Loire-Atlantique,Solidarité Emploi ,2 Rue des Cèdres 44119 Grandchamps-des-Fontaines
44 120,44,Loire-Atlantique,Service Jeunesse,15 Rue Aristide Briand 44120 Vertou
44 130,44,Loire-Atlantique,"Bibliothèque municipale ""Le Pot a Mots""",6 place Notre-Dame du Châtellier 44310 Saint-Lumine-de-Coutais
44 130,44,Loire-Atlantique,Centre Socioculturel Tempo,7 Rue du 11 Novembre 44130 Blain
44 130,44,Loire-Atlantique,Maison de l'emploi Blain,7 Rue Victor Schoelcher 44130 Blain
44 130,44,Loire-Atlantique,Médiathèque de Fay de bretagne,2 Rue Georges Sicard 44130 Fay-de-Bretagne
44 130,44,Loire-Atlantique,Centre Socioculturel TEMPO,7 rue du 11 novembre 44130 Blain
44 140,44,Loire-Atlantique,Point Relais Emploi,Rue de la Mairie 44140 Montbert
44 150,44,Loire-Atlantique,Bibliothèque Marcel Rouvreau,Port Arthur (Anetz) 44150 Vair-sur-Loire
44 150,44,Loire-Atlantique,Le Fablab Pays d’Ancenis,5 Place Armand de Béthune 44150 Ancenis
44 150,44,Loire-Atlantique,Mairie d'Ancenis,Place du Maréchal Foch 44150 Ancenis
44 150,44,Loire-Atlantique,Maison de l'Etat,Rue du Docteur Bousseau 44150 Ancenis
44 150,44,Loire-Atlantique,Médiathèque Ancenis,Place de la République 44150 Ancenis
44 150,44,Loire-Atlantique,Mission locale d'Ancenis,30 Place Francis Robert 44150 Ancenis
44 150,44,Loire-Atlantique,Point Info Mobile,19 Rue Général Leclerc 44510 Le Pouliguen
44 150,44,Loire-Atlantique,Point relais emploi de Vallet,1 Place Charles de Gaulle 44330 Vallet
44 150,44,Loire-Atlantique,Pôle emploi Ancenis,336 Rue de Chateaubriand 44150 Ancenis
44 150,44,Loire-Atlantique,Relais CAF,20 Rue émile Gabory 44330 Vallet
44 160,44,Loire-Atlantique,Bibliothèque,2 Rue du Mortier Plat 44160 Sainte-Anne-sur-Brivet
44 160,44,Loire-Atlantique,Bibliothèque de Sainte-Reine-de-Bretagne,7 Rue du Père de Montfort 44160 Sainte-Reine-de-Bretagne
44 160,44,Loire-Atlantique,Médiathèque de Crossac,Impasse des Petits Matelots 44160 Crossac
44 160,44,Loire-Atlantique,Médiathèque de Pont-château,3 Rue du Chène Vert 44160 Pontchâteau
44 160,44,Loire-Atlantique,Médiathèque Georges Sand,25 Rue de la Mairie 44160 Besné
44 160,44,Loire-Atlantique,Relais CAF,7 Place de l'église 44160 Pontchâteau
44 160,44,Loire-Atlantique,Service emploi de Pontchâteau,2 Rue des Châtaigniers 44160 Pontchâteau
44 170,44,Loire-Atlantique,Bibliothèque d'Abbaretz,8 Rue des écoles 44170 Abbaretz
44 170,44,Loire-Atlantique,Bibliothèque de la grigonnais,5 Rue de l'Abbé- Merel 44170 La Grigonnais
44 170,44,Loire-Atlantique,Bibliotheque de Nozay,21 Rue Alexis Letourneau 44170 Nozay
44 170,44,Loire-Atlantique,Bibliothèque de Tréffieux,2 Place Saint-Grégoire 44170 Treffieux
44 170,44,Loire-Atlantique,Bibliothèque de Vay,5 Rue Principale 44170 Vay
44 170,44,Loire-Atlantique,CSC lamano de Nozay,Le Patis Jourdeau 44170 Nozay
44 170,44,Loire-Atlantique,Cyber-base emploi de Nozay ,9 Rue de l'église 44170 Nozay
44 170,44,Loire-Atlantique,Cybercentre de Nozay,16 Route de Nort Sur Erdre 44170 Nozay
44 170,44,Loire-Atlantique,Médiathèque de Jans,12 Route de Nozay 44170 Jans
44 170,44,Loire-Atlantique,Médiathèque de Marsac-sur-Don,18 Rue Saint-Martin 44170 Marsac-sur-Don
44 190,44,Loire-Atlantique,Caisse d'Allocations Familiales,2 Rue du Docteur Doussin 44190 Clisson
44 190,44,Loire-Atlantique,CoworKlisson,1 Route de Saint-Fiacre 44190 Gorges
44 190,44,Loire-Atlantique,Gullivigne,Esplanade de Klettgau 44190 Clisson
44 190,44,Loire-Atlantique,La récupérette,4 Rue des Châtaigniers 44190 Clisson
44 190,44,Loire-Atlantique,Médiathèque Geneviève Couteaux,1 Place Saint-Jacques 44190 Clisson
44 190,44,Loire-Atlantique,Mission locale du Vignoble Nantais,3 Place Maurice Renoul 44190 Gorges
44 190,44,Loire-Atlantique,Pôle Emploi Clisson,7 Allée du Chantre 44190 Clisson
44 200,44,Loire Atlantique,CAP Jeunes,23 rue Louis Joxe 44200 NANTES
44 200,44,Loire-Atlantique,Cyber Espace de Nantes (ACCOORD) ,2 Rue Conan Mériadec 44200 Nantes
44 200,44,Loire-Atlantique,Ecole de la deuxième chance,10 Rue René Viviani 44200 Nantes
44 210,44,Loire-Atlantique,Caisse d'Allocations Familiales,1 BIS Rue Jean Sarment 44210 Pornic
44 210,44,Loire-Atlantique,CCAS Pornic,1 Rue Jean Sarment 44210 Pornic
44 210,44,Loire-Atlantique,Centre Médico-Social,21 route de Saint-Père-en-Retz 44210 Pornic                 
44 210,44,Loire-Atlantique,Cybercentre de Pornic -Médiathèque,35 Rue Tartifume 44210 Pornic
44 210,44,Loire-Atlantique,Cybercentre Pornic,35 Rue Tartifume 44210 Pornic
44 210,44,Loire-Atlantique,Pôlle Emploi,62 Boulevard de Linz 44210 Pornic
44 230,44,Loire-Atlantique,Centre Socioculturel de l'Allée Verte,1 Rue de l'Allée Verte 44230 Saint-Sébastien-sur-Loire
44 240,44,LOIRE-ATLANTIQUE,Espace Médiation Numérique de la Chapelle sur Erdre,8 rue François Clouet
44 240,44,Loire-Atlantique,Médiathèque et ludothèque,Rue René Goscinny 44240 La Chapelle-sur-Erdre
44 240,44,Loire-Atlantique,Médiathèque Sucé-Sur-Erdre,101 Rue de la Mairie 44240 Sucé-sur-Erdre
44 250,44,Loire-Atlantique,Espace départemental des solidarités Saint-Brévin-les-Pins,8 Rue de la Résistance 44250 Saint-Brevin-les-Pins
44 250,44,Loire-Atlantique,Guichet Unique Emploi St-Brévin-les-Pins,6 Avenue Jules Ferry 44250 Saint-Brevin-les-Pins
44 250,44,Loire-Atlantique,Médiathèque Espace Jules Verne,30 Avenue Jules Verne 44250 Saint-Brevin-les-Pins
44 260,44,Loire-Atlantique,Bouillon de Cultures Malville,8 Place de l'église 44260 Malville
44 260,44,Loire-Atlantique,Médiathèque de Bouée,8 Place de l'église 44260 Bouée
44 260,44,Loire-Atlantique,Médiathèque de la Chapelle-Launay,1 Rue du Sacré-Coeur 44260 La Chapelle-Launay
44 260,44,Loire-Atlantique,Médiathèque de Lavau-sur-Loire,1 BIS Rue de la Mairie 44260 Lavau-sur-Loire
44 260,44,Loire-Atlantique,Médiathèque de Malville,8 Place de l'église 44260 Malville
44 260,44,Loire-Atlantique,Médiathèque de Prinquiau,16 Rue de l'église 44260 Prinquiau
44 260,44,Loire-Atlantique,Médiathèque de Savenay,Place de l'Hôtel de Ville 44260 Savenay
44 260,44,Loire-Atlantique,Relais CAF,3 Rue des Mésanges 44260 Savenay
44 270,44,Loire-Atlantique,Bibliothèque de Machecoul Saint-Meme La Virgule,7 Rue des Bouchers (Machecoul) 44270 Machecoul-Saint-Mème
44 270,44,Loire-Atlantique,CPAM Machecoul,16 Rue Alexandre Riou (Machecoul) 44270 Machecoul-Saint-Mème
44 270,44,Loire-Atlantique,Espace départemental des solidarités ,Boulevard des Prises (Machecoul) 44270 Machecoul-Saint-Mème
44 270,44,Loire-Atlantique,Mairie Machecoul,5 Place de l'Auditoire (Machecoul) 44270 Machecoul-Saint-Mème
44 270,44,Loire-Atlantique,Pôle Emploi Machecoul,19 Rue Marcel Brunelière (Machecoul) 44270 Machecoul-Saint-Mème
44 290,44,Loire-Atlantique,Bibliothèque de Conquereuil,Place de l'église 44290 Conquereuil
44 290,44,Loire-Atlantique,Bibliothèque de Masserac,1 Rue Saint-Benoit 44290 Massérac
44 290,44,Loire-Atlantique,Médiathèque Marcelle Maurette,5 Rue Saint-Jean 44290 Guémené-Penfao
44 290,44,Loire-Atlantique,Point d'accueil CPAM Guémené-Penfao,2 Rue de Besle 44290 Guémené-Penfao
44 300,44,Loire-Atlantique,Alis 44,60 Rue de la Bottière 44300 Nantes
44 300,44,Loire-Atlantique,Association Culturelle Musulmane Nantes Nord,3 rue Eugène Thomas 44300 Nantes
44 300,44,Loire-Atlantique,L'EclectiC,3 Rue Eugène Thomas 44300 Nantes
44 300,44,Loire-Atlantique,Maison de l'emploi Espace Nord,81 Rue des Renards 44300 Nantes
44 300,44,Loire-Atlantique,Maison de l'emploi Est,9 Rue Augustin Fresnel 44300 Nantes
44 300,44,Loire-Atlantique,Maison de quartier La Mano,3 Rue Eugène Thomas 44300 Nantes
44 300,44,Loire-Atlantique,Médiathèque Luce Courville,1 Rue Eugène Thomas 44300 Nantes
44 300,44,Loire-Atlantique,Point d'accès au droit,3 Rue Eugène Thomas 44300 Nantes
44 300,44,Loire-Atlantique,Pôle emploi Nantes,50 Boulevard Albert Einstein 44300 Nantes
44 310,44,Loire-Atlantique,Cybercentre de Saint-Philbert-de-Grandlieu - ERN,12 Rue de l'Abreuvoir 44310 Saint-Philbert-de-Grand-Lieu
44 310,44,Loire-Atlantique,Cybercentre St-Philibert de Grand Lieu,12 Rue de l'Abreuvoir 44310 Saint-Philbert-de-Grand-Lieu
44 310,44,Loire-Atlantique,Espace Jean de la Fontaine,10 Rue Charles de Gaulle 44310 La Limouzinière
44 310,44,Loire-Atlantique,Point Numérique CAF,24 Rue de l'Hôtel de Ville 44310 Saint-Philbert-de-Grand-Lieu
44 320,44,Loire-Atlantique,Médiathèque - au bonheur des mots,7 Allée du Théâtre 44320 Chauvé
44 330,44,Loire-Atlantique,Médiathèque Mille et une pages,16 Rue émile Gabory 44330 Vallet
44 340,44,Loire-Atlantique,Cybercentre de Bouguenais,33 Avenue du Général de Gaulle 44340 Bouguenais
44 350,44,Loire-Atlantique,Cybercentre de la ville de Guérande,2 avenue Anne De Bretagne 44350 Guérande
44 350,44,Loire-Atlantique,Mission locale de la Presque île Guérandaise,2 Rue Louis léon 44350 Guérande
44 350,44,Loire-Atlantique,Relais CAF,1 Impasse Anne de Bretagne 44350 Guérande
44 360,44,Loire-Atlantique,Bibliothèque de Saint-Etienne de Montluc,3 Rue de la Paix 44360 Saint-étienne-de-Montluc
44 360,44,Loire-Atlantique,Club informatique Micromédia,2 Avenue des Quatre Vents 44360 Cordemais
44 360,44,Loire-Atlantique,Médiathèque Jacques Fairand,2 Avenue des Quatre Vents 44360 Cordemais
44 370,44,Loire-Atlantique,Bibliothèque L'école buissonnière,Square des Mésanges (Varades) 44370 Loireauxence
44 370,44,Loire-Atlantique,Pôle Santé Social de Loire Auxence,182 Rue du Mal Foch (Varades) 44370 Loireauxence
44 380,44,Loire-Atlantique,CCAS Pornichet,115 Avenue du Général de Gaulle 44380 Pornichet
44 380,44,Loire-Atlantique,Médiathèque Jacques Lambert,Avenue de la Mer 44380 Pornichet
44 390,44,Loire-Atlantique,Bibliothèque de Puceul,1 Route des Gremets 44390 Puceul
44 390,44,Loire-Atlantique,Bibliothèque de Saffré,Avenue du Château 44390 Saffré
44 390,44,Loire-Atlantique,Maison de l'emploi ,2 BIS Place du Champ de Foire 44390 Nort-sur-Erdre
44 390,44,Loire-Atlantique,Médiathèque Nort-sur-Erdre,35 Rue du Général Leclerc 44390 Nort-sur-Erdre
44 400,44,Loire-Atlantique,Centre Information Jeunesse,19 Avenue de la Vendée 44400 Rezé
44 400,44,Loire-Atlantique,CSC Ragon,9 rue du vivier 44400 REZE
44 400,44,Loire-Atlantique,CSC Ragon,9 rue du vivier44400 REZE
44 400,44,Loire-Atlantique,Maison de l'emploi Rezé Pont Rousseau,8 Rue Jean Baptiste Vigier 44400 Rezé
44 400,44,Loire-Atlantique,Nâga,17 Chemin Fontaine Launay 44400 Rezé
44 400,44,Loire-Atlantique,Centre socio culturel de Ragon,9  rue du vivier 44400
44 410,44,Loire-Atlantique,Bibliothèque Le Pré aux Livres,14 Rue de la Fontaine 44410 Assérac
44 410,44,Loire-Atlantique,CCAS,16 Rue de la Brière 44410 La Chapelle-des-Marais
44 410,44,Loire-Atlantique,CCAS d'Herbignac,1 Avenue de la Monneraye 44410 Herbignac
44 410,44,Loire-Atlantique,Mairie Point Emploi,1 Avenue de la Monneraye 44410 Herbignac
44 410,44,Loire-Atlantique,Maison de services au public,2 Rue de la Brière 44410 Saint-Lyphard
44 410,44,Loire-Atlantique,Maison de services au public (bureau de poste) Saint-Lyphard,2 Rue de la Brière 44410 Saint-Lyphard
44 410,44,Loire-Atlantique,Médiathèque Gaston Leroux,Rue de Penlys 44410 La Chapelle-des-Marais
44 410,44,Loire-Atlantique,Relaie CAF,1 Avenue de la Monneraye 44410 Herbignac
44 410,44,Loire-Atlantique,Relais CAF,2 Rue de la Brière 44410 Saint-Lyphard
44 420,44,Loire-Atlantique,Association des Demandeurs d'Emploi du Pays Blanc,Place du Marche 44420 La Turballe
44 420,44,Loire-Atlantique,Bibliotheque Anita Conti,Place du Marche 44420 La Turballe
44 420,44,Loire-Atlantique,Office de Tourisme,Place de l'Orée du Bois 44420 Mesquer
44 430,44,Loire-Atlantique,Comme un roman,2 BIS Rue Saint-Vincent 44430 Le Landreau
44 430,44,Loire-Atlantique,Les Quatres Vents,4 Rue du Jeu de Paume 44430 Le Loroux-Bottereau
44 440,44,Loire-Atlantique,Bibliothèque L'orange bleue,Rue des Chênes 44440 Riaillé
44 440,44,Loire-Atlantique,La Maison de services au public du SIVOM de Riaillé (Joué sur Erdre,182 Rue du Cèdre 44440 Riaillé
44 440,44,Loire-Atlantique,Maison de Services au Public SIVOM du canton de Riaillé,182 Rue du Cèdre 44440 Riaillé
44 440,44,Loire-Atlantique,Maison des Services au Public du secteur de Riaillé,182 Rue du Cèdre 44440 Riaillé
44 450,44,Loire-Atlantique,Centre socio-culturel loire divatte,2 Route Félix Praud 44450 Saint-Julien-de-Concelles
44 450,44,Loire-Atlantique,Le Passe Muraille,5 Rue des Heurthauds 44450 Saint-Julien-de-Concelles
44 450,44,Loire-Atlantique,Médiathèque Divatte-sur-Loire,LE CALVAIRE (Barbechat) 44450 Divatte-sur-Loire
44 460,44,Loire-Atlantique,Médiathèque d'Avessac,Rue de Plessé 44460 Avessac
44 460,44,Loire-Atlantique,Médiathèque Saint Nicolas de Redon,2 Rue de Tabago 44460 Saint-Nicolas-de-Redon
44 480,44,Loire-Atlantique,Médiathèque Jules Verne,13 Rue René Laennec 44480 Donges
44 490,44,Loire-Atlantique,CCAS Le Croisic,3 Rue de la Duchesse Anne 44490 Le Croisic
44 490,44,Loire-Atlantique,Office de Tourisme,6 Rue du Pilori 44490 Le Croisic
44 500,44,Loire-Atlantique,Médiathèque Henri Queffelec,181 Avenue du Maréchal de Lattre de Tassigny 44500 La Baule-Escoublac
44 500,44,Loire-Atlantique,Office de Tourisme,8 Place de la Victoire 44500 La Baule-Escoublac
44 500,44,Loire-Atlantique,Pôle emploi,3 BIS Avenue des Noelles 44500 La Baule-Escoublac
44 510,44,Loire-Atlantique,Espace jeunes du Pouliguen,4 Rue Paul Lesage 44510 Le Pouliguen
44 520,44,Loire-Atlantique,Bibliothèque La Meilleraye-de-Bretagne,72 Rue des Frères Temple 44520 La Meilleraye-de-Bretagne
44 520,44,Loire-Atlantique,Blibliothèque Issé,2 Rue du Chêne Piraud 44520 Issé
44 521,44,Loire-Atlantique,Bibliothèque La Forge aux livres,Rue Saint-Jéréme 44521 Couffé
44 521,44,Loire-Atlantique,Bibliothèque Moisdon-la-rivière,Place de l'église 44520 Moisdon-la-Rivière
44 522,44,Loire-Atlantique,Bibliothèque Les Milles et Une Pages,Boulevard des Arts/Rue des Arts 44522 Mésanger
44 530,44,Loire-Atlantique,Bibliothèque de Saint Gildas des Bois,17 Rue des Forges 44530 Saint-Gildas-des-Bois
44 530,44,Loire-Atlantique,Maison de service au public,Rue de la Roche Buttée 44530 Guenrouet
44 530,44,Loire-Atlantique,Maison de services au public,4 Rue de la Roche Buttée 44530 Guenrouet
44 530,44,Loire-Atlantique,Médiathèque de Drefféac,1 Rue des Saules 44530 Drefféac
44 530,44,Loire-Atlantique,Médiathèque de Guenrouèt,12 Rue André Caux 44530 Guenrouet
44 530,44,Loire-Atlantique,Médiathèque de Sévérac,2 Rue de la Gagnerie 44530 Sévérac
44 530,44,Loire-Atlantique,Mission locale Saint-Gildas-des-bois,17 Rue des Forges 44530 Saint-Gildas-des-Bois
44 530,44,Loire-Atlantique,Relais CAF,4 Rue de la Roche Buttée 44530 Guenrouet
44 540,44,Loire-Atlantique,Bibliothèque Les mots passants,18 Avenue Charles Henri de Cosse Brissac (Saint-Mars-la-Jaille) 44540 Vallons-de-l'Erdre
44 550,44,Loire-Atlantique,CCAS Montoir-de Bretagne,65 Rue Jean Jaurès 44550 Montoir-de-Bretagne
44 550,44,Loire-Atlantique,Médiathèque Colette,Rue Jean Macé 44550 Saint-Malo-de-Guersac
44 550,44,Loire-Atlantique,Médiathèque municipale Barbara,7 Rue de Berry 44550 Montoir-de-Bretagne
44 550,44,Loire-Atlantique,START'AIR Jeunes,3 Rue Pablo Neruda 44550 Montoir-de-Bretagne
44 550,44,Loire-Atlantique,Start'Air Jeunes Saint-Malo-de-Guersac,52 Rue Aristide Briand 44550 Saint-Malo-de-Guersac
44 560,44,Loire-Atlantique,Centre socioculturel intercommunal Espace multimédia ACCES CYB,33 Boulevard Dumesnildot 44560 Paimboeuf
44 570,44,Loire-Atlantique,cybercentre reseau cyber-base-trignac,9 Rue Jean Jaurès 44570 Trignac
44 570,44,Loire-Atlantique,Cybercentre Trignac,9 Rue Jean Jaurès 44570 Trignac
44 570,44,Loire-Atlantique,Médiathèque Municipale de Trignac,Rue Émile Combes 44570 Trignac
44 570,44,Loire-Atlantique,Pôle emploi Trignac,7 Avenue Barbara 44570 Trignac
44 570,44,Loire-Atlantique,Start'Air Jeunes,Allée des Prunus 44570 Trignac
44 580,44,Loire-Atlantique,Maison de services au public,15 Rue de la Taillée (Bourgneuf-en-Retz) 44580 Villeneuve-en-Retz
44 590,44,Loire-Atlantique,Axetic,45 Rue de Châteaubriant 44590 Sion-les-Mines
44 590,44,Loire-Atlantique,Cyber-base emploi,14 Rue de la Garlais 44590 Derval
44 590,44,Loire-Atlantique,Mairie Saint Vincent des Landes,17 Rue de la Mairie 44590 Saint-Vincent-des-Landes
44 590,44,Loire-Atlantique,Maison de l'emploi Derval,14 Rue de la Garlais 44590 Derval
44 590,44,Loire-Atlantique,Médiathèque de Derval,15 Rue de la Tour Saint-Clair 44590 Derval
44 590,44,Loire-Atlantique,Médiathèque de Lusanger,1 Rue de la Gare 44590 Lusanger
44 590,44,Loire-Atlantique,Médiathèque de Mouais,3 Place de l'église 44590 Mouais
44 590,44,Loire-Atlantique,Médiathèque de Sion-les-Mines,1 Place du Breil 44590 Sion-les-Mines
44 600,44,Loire-Atlantique,C.C.A.S Centre Communal Action Sociale,37 Rue Pierre Mendès France 44600 Saint-Nazaire
44 600,44,Loire-Atlantique,"Centre Information Jeunesse ""La Source""",46 rue d'Anjou44606 Saint-Nazaire
44 600,44,Loire-Atlantique,Ecole d'Arts - Ateliers numériques,24 Avenue Léon Blum 44600 Saint-Nazaire
44 600,44,Loire-Atlantique,Espace Multimédia Léo Lagrange,1 BIS Rue des Ajoncs 44600 Saint-Nazaire
44 600,44,Loire-Atlantique,La source,46 Rue d'Anjou 44600 Saint-Nazaire
44 600,44,Loire-Atlantique,Maison de quartier d'Avalix,3 Rue du Docteur Albert Calmette 44600 Saint-Nazaire
44 600,44,Loire-Atlantique,Maison de quartier de l'Immaculée- Beauregard,Route du Point du Jour 44600 Saint-Nazaire
44 600,44,Loire-Atlantique,Maison de quartier de Méan- Penhoë,1 Rue Émile Combes 44600 Saint-Nazaire
44 600,44,Loire-Atlantique,Maison de quartier Kerlédé,70 Rue Ferdinand Buisson 44600 Saint-Nazaire
44 600,44,Loire-Atlantique,Maison de quartier La Bouletterie,29 Rue des Frènes 44600 Saint-Nazaire
44 600,44,Loire-Atlantique,Maison de quartier La Chesnaie,1 BIS Rue des Ajoncs 44600 Saint-Nazaire
44 600,44,Loire-Atlantique,Médiathèque Anne-Frank,51 Boulevard émile Broodcoorens 44600 Saint-Nazaire
44 600,44,Loire-Atlantique,Médiathèque Etienne Caux,6 Rue Auguste Baptiste Léchöet 44600 Saint-Nazaire
44 600,44,Loire-Atlantique,Mission Locale de l'Agglomération Nazairienne,215 Boulevard du Docteur René Laennec 44600 Saint-Nazaire
44 600,44,Loire-Atlantique,Pôle emploi,10 Boulevard de l'Université 44600 Saint-Nazaire
44 600,44,Loire-Atlantique,Relais CAF,2 Place Pierre Semard 44600 Saint-Nazaire
44 610,44,Loire Atlantique,Le Tiers Lieu,Maison des associations 2 rue du stade 44610 INDRE
44 610,44,LOIRE-ATLANTIQUE,Le Tiers Lieu,Maison des associations 2 rue du stade 44610 INDRE
44 610,44,Loire-Atlantique,Le Tiers Lieu - ERN,2 Rue du Stade 44610 Indre
44 610,44,Loire-Atlantique,MAIRIE D'INDRE,Avenue de la Loire 44610 Indre
44 630,44,Loire-Atlantique,Médiathèque du Plessé,3 Espace des 3 Lieux 44630 Plessé
44 650,44,Loire-Atlantique,Bibliothèque de Corcoué-sur-Logne,5 Place du Marche 44650 Corcoué-sur-Logne
44 650,44,Loire-Atlantique,Bibliothèque de Legé,37 Rue de la Chaussée 44650 Legé
44 660,44,Loire-Atlantique,Bibliothèque de Fercé,9 Rue de la Mairie 44660 Fercé
44 660,44,Loire-Atlantique,Bibliotheque de Rougé,1 Rue du Vieux Rouge 44660 Rougé
44 660,44,Loire-Atlantique,Bibliotheque de Ruffigné,Rue des Jonquilles 44660 Ruffigné
44 660,44,Loire-Atlantique,Bibliotheque de Soulvache,2 Rue de la Brutz 44660 Soulvache
44 670,44,Loire-Atlantique,Bibliothèque Juigné-des-Moutiers,15 Chemin des écoliers 44670 Juigné-des-Moutiers
44 670,44,Loire-Atlantique,Bibliothèque La chapelle glain,Saint-René 44670 La Chapelle-Glain
44 670,44,Loire-Atlantique,Bibliothèque Petit auverné,7 Rue Sophie Trébuchet 44670 Petit-Auverné
44 670,44,Loire-Atlantique,Blibliothèque Saint-Julien-de-Vouvantes,39 Rue de la Libération 44670 Saint-Julien-de-Vouvantes
44 670,44,Loire-Atlantique,Relais Accueil Proximité Petit auverné,7 Rue Sophie Trébuchet 44670 Petit-Auverné
44 680,44,Loire-Atlantique,Bibliothèque A Livre Ouvert,32 Avenue de la Source 44680 Sainte-Pazanne
44 680,44,Loire-Atlantique,Bibliothèque Les Mots Passants,3 BIS Rue de la Bonne Fontaine 44680 Saint-Hilaire-de-Chalôns
44 680,44,Loire-Atlantique,Centre Médico-Social,11 Rue de l'Auditoire 44680 Sainte-Pazanne
44 680,44,Loire-Atlantique,Cybercentre du Pays de Retz,1 Rue de Bazouin 44680 Sainte-Pazanne
44 680,44,Loire-Atlantique,Mairie Sainte Pazanne,10 Rue de l'Hôtel de Ville 44680 Sainte-Pazanne
44 680,44,Loire-Atlantique,Point Information Jeunesse,1 Rue de Bazouin 44680 Sainte-Pazanne
44 700,44,Loire-Atlantique,Bibliothèque municipales d'Orvault,2 Promenade de l'Europe 44700 Orvault
44 710,44,Loire-Atlantique,Anim'Action,27 Rue de Pornic 44710 Port-Saint-Père
44 710,44,Loire-Atlantique,"Médiathèque Municipale ""Livres y Médias""",2 Rue de la Morinière 44710 Port-Saint-Père
44 720,44,Loire-Atlantique,Bibliothèque Louise Michel,77 Rue Joliot Curie 44720 Saint-Joachim
44 720,44,Loire-Atlantique,Start'Air Jeunes Saint-Joachim,Ile de Brecun 44720 Saint-Joachim
44 730,44,Loire-Atlantique,Médiathèque Lettres de mon Moulin,22 BIS Rue du Redois 44730 Saint-Michel-Chef-Chef
44 740,44,Loire-Atlantique,Médiathèque de Batz-sur-Mer,11 Rue de la Plage 44740 Batz-sur-Mer
44 750,44,Loire-Atlantique,Médiathèque de Campbon,Rue Saint-Victor 44750 Campbon
44 750,44,Loire-Atlantique,Médiathèque de Quilly,Rue de la Mairie 44750 Quilly
44 760,44,Loire-Atlantique,Bibliothèque municipale Raymond Devos,Rue des Lutins 44760 Les Moutiers-en-Retz
44 780,44,Loire-Atlantique,Bibliothèque de Missillac,4 Rue Fontaine Saint-Jean 44780 Missillac
44 800,44,Loire-Atlantique,Maison de l'emploi Saint Herblain Sillon,5 BIS Avenue de l'Angevinière 44800 Saint-Herblain
44 800,44,Loire-Atlantique,Service de la vie associative et de l’action socioculturelle, 11 rue de Dijon44800 Saint-Herblain
44 850,44,Loire-Atlantique,Bibliothèque Saint Exupery,40 Rue de Vieillevigne 44850 Ligné
44 850,44,Loire-Atlantique,Médiathèque Claire Brété cher,62 Rue de Bel-Air 44850 Le Cellier
49 000,49,Maine-Et-Loire,Association Sciences&Bidouilles,125 Rue de La Chalouere Tiers Lieux PAI-PAI 49000 Angers
49 000,49,Maine-et-Loire,CCAS d'Écouflant,Place de la mairie 49000 Écouflant
49 000,49,Maine-et-Loire,Espace multimédia - Centre J. Tati,5 Rue Eugénie Mansion 49000 Angers
49 070,49,Maine-et-Loire,Beaucouzé Net,Rue du Prieuré 49070 Beaucouzé
49 070,49,Maine-et-Loire,Bibliothèque municipales et centre de documentation,Rue Felix Pauger 49070 Saint Lambert de la Potherie
49 070,49,Maine-et-Loire,CCAS Saint-Lambert-de-la-Potherie,4 Rue Félix Pauger 49070 Saint-Lambert-la-Potherie
49 070,49,Maine-et-Loire,Mairie de Saint Lambert-de-la-Potherie,4 Rue Félix Pauger 49070 Saint-Lambert-la-Potherie
49 070,49,Maine-et-Loire,Médiathèque Anita Conti,Rue du Grand Pin 49070 Beaucouzé
49 070,49,Maine-et-Loire,Mission Jeunesse Aînés,1 Chemin de la Houssaye 49070 Beaucouzé
49 078,49,Maine-et-Loire,Commune nouvelle de Brissac Loire Aubance,Salle des associations 49078 Charcé
49 080,49,Maine-et-Loire,Bouchemaine Multi Loisirs (BML),3 Rue Chevrière 49080 Bouchemaine
49 080,49,Maine-et-Loire,Les Boîtes à Culture,2 Place de l'abbé Thomas 49080 Bouchemaine
49 080,49,Maine-et-Loire,Mairie de Bouchemaine,5 Quai de la Noé 49080 Bouchemaine
49 080,49,Maine-et-Loire,Médiathèque de Bouchemaine,2 Place de l'Abbé Thomas 49080 Bouchemaine
49 100,49,Maine-et-Loire,Association des Foyers Angevins de Jeunes Travailleurs,7 Rue de Haarlem 49100 Angers
49 100,49,Maine-et-Loire,Bibliothèque de Saint Aubin sur Luigné,Rue Jean de Pontoise 49100 Luigné
49 100,49,Maine-et-Loire,Espace Multimédia La Claverie,Rue de Bourgogne 49100 Angers
49 110,49,Maine-et-Loire,Pôle social,17 rue Saint-Nicolas 49110 Montrevault
49 112,49,Maine-et-Loire,Association Pellouaillaise Loisirs Animation-PIJ,21 Place de l'échanson (Pellouailles-les-Vignes) 49112 Verrières-en-Anjou
49 120,49,Maine-et-Loire,Centre Social du Chemillois / France Service ,5  Rue de la Gabardière Chemillé  49120 Chemillé
49 120,49,Maine-et-Loire,Médiathèque de Chemillé,5 Rue du Petit Bourg 49120 Chemillé-en-Anjou
49 123,49,Maine-et-Loire,Maison de services au public,6 Rue Michel (Ingrandes) 49123 Ingrandes-Le Fresne sur Loire
49 123,49,Maine-et-Loire,MSAP Ingrandes (Bureau de poste),6 Rue Michel 49123 Ingrandes
49 124,49,Maine-et-Loire,Médiathèque de La Ranloue,Mail Georges Sand 49124 Saint Barthélémy-d'Anjou
49 125,49,Maine-et-Loire,Mairie de Cheffes,3 Square René Goujon 49125 Cheffes
49 130,49,Maine-et-Loire,Le Trait d'Union / Espace Social et Jeunesse,45 Rue Abel Boutin-Desvignes 49130 Les Ponts-de-Cé
49 140,49,Maine-et-Loire,Bibliothèque Croq'Livres,5 rue St Jacques - 49140 Bauné - Loire-Authion
49 140,49,Maine-et-Loire,MSAP de Seiches-sur-le-Loir,14bis rue Henri Régnier 49140 Seiches-sur-le Loir
49 150,49,Maine-et-Loire,Centre Social Espace Baugeois,CybercentreCentre social ESPACE BaugeoisSquare du Pont des FéesCommune déléguée de Baugé49150 Baugé-en-Anjou
49 150,49,Maine-et-Loire,CS Espace Baugeois,Square du Pont des Fées 49150 Baugé
49 150,49,Maine-et-Loire,Maison de services au public,15 Avenue Legoulz de la Boulaie 49150 Baugé-en-Anjou
49 150,49,Maine-et-Loire,MSAP Baugé en Anjou,15 avenue Legoulz de la Boulaie 49150 Baugé
49 160,49,Maine-et-Loire,Association VIVRE CHEZ SOI,9 Avenue des Tilleuls 49160 Longué-Jumelles
49 160,49,Maine-et-Loire,Cybercentre de Longué,Place Général Leclerc 49160 Longué-Jumelles
49 170,49,Maine-et-Loire,Bibliothèque municipale Ouest-Anjou,Place du Cèdre 49170 Saint-Augustin-des-Bois
49 170,49,Maine-et-Loire,CSI L'Atelier,5 Rue de Savennières 49170 Saint-Georges-sur-Loire
49 170,49,Maine-et-Loire,Médiathèque du Ponton,10 Rue Landeronde 49170 La Possonière
49 190,49,Maine-et-Loire,Bibliothèque municipale de Denée,9 Rue du Colonel 49190 Denée
49 190,49,Maine-et-Loire,Bibliothèque municipale de St-Aubin de Luigné,13 Rue Jean Pontoise 49190 St Aubin de Luigné
49 190,49,Maine-et-Loire,Mairie de Rochefort sur Loire,Place de l'hôtel de ville 49190 Rochefort-sur-Loire
49 220,49,Maine-et-Loire,Centre Intercommunal d'Action Sociale (CIAS) des Vallées du Haut Anjou,Place de la Mairie 49220 LE LION D'ANGERS
49 243,49,Maine-et-Loire,Centre Culturel Brassens / Médiathèque,Allée Georges Brassens 49243 Avrillé
49 250,49,Maine-et-Loire,Bibliothèque de Beaufort-en-Anjou,Place de la République 49250 Beaufort-en-Anjou
49 250,49,Maine-et-Loire,Bibliothèque Mathu'Lu,Passage des Grandes Bottes - 49250 Saint Mathurin-sur-Loire- Loire-Authion
49 250,49,Maine-et-Loire,Médiathèque LirenLoire,10 Place Colonel Léon Faye 49250 La Ménitré
49 250,49,Maine-et-Loire,Point Cyb /Bibliothèque Mathu’Lu,Passage des Grandes Bottes (Saint-Mathurin-sur-Loire) 49250 Loire-Authion
49 250,49,Maine-et-Loire,Point Cyb LA MéNITRé,10 Place du Colonel Léon Faye 49250 La Ménitré
49 260,49,Maine-et-Loire,Centre Social Déclic-PIJ,362 Rue du Général de Gaulle 49260 Montreuil-Bellay
49 260,49,Maine-et-Loire,Centre social et culturel intercommunal Roland Charrier,139 Rue d'Anjou 49260 Montreuil-Bellay
49 260,49,Maine-et-Loire,Médiathèque François Mitterand / Réseau Imagin'R,1 Place Aubelle 49260 Montreuil-Bellay
49 270,49,Maine-et-Loire,Centre Socioculturel Rives de Loire,20 Rue Jfa Chenouard (Drain) 49270 Orée d'Anjou
49 280,49,Maine-et-Loire,CSI Ocsygène,18 Rue d’Anjou 49280 Saint-Léger-sous-Cholet
49 280,49,Maine-et-Loire,Informatics Clubs,Rue du Stade 49280 La Tessoualle
49 290,49,Maine-et-Loire,France Services -CCAS -Chalonnes sur Loire,4 Rue des Poilus 49290 Chalonnes-sur-Loire
49 300,49,Maine-et-Loire,ALIA (L'association Ligérienne d'Addictologie),4 Rue des Marteaux 49300 Cholet
49 300,49,Maine-et-Loire,Bibliothèque universitaire Cholet,Boulevard Pierre Lecoq 49300 Cholet
49 300,49,Maine-et-Loire,Caisse Primaire d'Assurance Maladie (CPAM) - Agence de Cholet,2 Rue Saint Éloi 49300 Cholet
49 300,49,Maine-et-Loire,CCAS de Cholet,24 Avenue Maudet 49300 Cholet
49 300,49,Maine-et-Loire,Centre des Finances Public de Cholet,42 Rue du Planty 49300 Cholet
49 300,49,Maine-et-Loire,Centre Social  et socioculturel Horizon,4 Allée des Aigles 49300 Cholet
49 300,49,Maine-et-Loire,CS K'Leidoscope,13 Avenue du Président Kenedy 49300 Cholet
49 300,49,Maine-et-Loire,CS Pasteur,1 Rue du Docteur Maillard 49300 Cholet
49 300,49,Maine-et-Loire,Espace Jeunesse / CIJ,Rue Saint-Bonaventure 49300 Cholet
49 300,49,Maine-et-Loire,Maison départementale des solidarité du Choletais,26 Avenue Maudet 49300 Cholet
49 300,49,Maine-et-Loire,Mission locale du Choletais,48 Rue des Bons Enfants 49300 Cholet
49 300,49,Maine-et-Loire,Service Emploi (Agglomération du Choletais),48 Rue des Bons Enfants 49300 Cholet
49 300,49,Maine-et-Loire,Sous-préfecture de Cholet,30 Rue Trémolière 49300 Cholet
49 307,49,Maine-et-Loire,Centre Social Le Verger,Rue du Bois Régnier 49307 Cholet
49 310,49,Maine-et-Loire,Centre socio-culturel Le Coin de la rue,2 Rue du Comte de Champigny 49310 Vihiers
49 312,49,Maine-et-Loire,Médiathèque Élie Chamard,Rue Travot 49312 Cholet
49 320,49,Maine-et-Loire,Résidence Pannetier,81 Rue du Verdun 49320 Brissac-Quincé
49 321,49,Maine-et-Loire,Pôle Emploi Cholet,24 Rue du Carteron 49321 Cholet
49 330,49,Maine-et-Loire,Bibliothèque de Châteauneuf-sur-Sarthe - L'Attire-Lire,18 Rue tranchepied 49330 Châteauneuf-sur-Sarthe
49 330,49,Maine-et-Loire,Bibliothèque de Marigné,Rue Max Richard 49330 Marigné
49 330,49,Maine-et-Loire,C.A.F.,2 Rue des Fontaines 49330 Châteauneuf-sur-Sarthe
49 330,49,Maine-et-Loire,Cybercentre Haut Anjou,Allée de la Passion Champigné 49330 Les Hauts d'Anjou
49 330,49,Maine-et-Loire,L'archy'Made- Cybercentre Haut Anjou,14 ter Allée de la Passion 49330 Champigné
49 330,49,Maine-et-Loire,MSAP de Châteauneuf-Sur-Sarthe,2 rue des Fontaines 49330 Châteauneuf-sur-Sarthe
49 340,49,Maine-et-Loire,CSI Chloro'fil,40bis Rue de la Libération 49340 Nuaillé
49 350,49,Maine-et-Loire,Bibliothèque municipale Gennes,"""Château de la Roche"" Route de Louerre 49350 Gennes"
49 350,49,Maine-et-Loire,Cyberpoint des Rosiers-sur-Loire,15 Rue du Mail 49350 Les Rosiers-sur-Loire
49 370,49,Maine-et-Loire,Bibliothèque de Bécon Les Granits,25 Rue d'Angers 49370 Bécon-Les-Granits
49 370,49,Maine-et-Loire,Bibliothèque de La Pouëze,3 Cours de l'Arquenay 49370 Erdre-En-Anjou
49 370,49,Maine-et-Loire,Bibliothèque de Villemoisan,3 Rue de la Commanderie 49370 Villemoisan
49 370,49,Maine-et-Loire,Bibliothèque du Louroux-Béconnais,5 Place de la mairie 49370 Le Louroux-Béconnais
49 380,49,Maine-et-Loire,Centre Socio Culturel des Coteaux du Layon,Neufbourg  Thouarcé 49380 Bellevigne en Layon
49 390,49,Maine-et-Loire,Bibliothèque de Vernantes,28 Rue de Jalesnes 49390 Vernantes
49 390,49,Maine-et-Loire,Club d'Initiation et de Perfectionnement en informatique,Place de la Mairie 49390 Vernantes
49 390,49,Maine-et-Loire,Club Initiation Perfectionnement Informatique,Rue de la Chambardière 49390 Vernoil-le-Fourrier
49 390,49,Maine-et-Loire,Cyberpoint Bibliothèque de Vernantes,28 Rue de Jalesne 49390 Vernantes
49 400,49,Maine-et-Loire,AFRIEJ Culture et Loisirs,8 Rue de l'Échallier 49400 Distré
49 400,49,Maine-et-Loire,CS Jacques Percereau,925 Avenue François Mitterand 49400 Saumur
49 400,49,Maine-et-Loire,Cybercentre de la Région de Nozay,16 Route de Nort Sur Erdre 44170 Nozay
49 400,49,Maine-et-Loire,L'@telier,31 Rue du Portail Louis 49400 Saumur
49 400,49,Maine-et-Loire,Loisirs Pour Tous,Salle de musique 49400 Villebernier
49 400,49,Maine-et-Loire,Mairie de Souzay-Champigny,52 Route des Ducs d’Anjou 49400 Souzay-Champigny
49 400,49,Maine-et-Loire,MJC Saumur,Place de Verdun 49400 Saumur
49 400,49,Maine-et-Loire,Saumur - sous-préfecture,33 Rue Beaurepaire 49400 Saumur
49 400,49,Maine-et-Loire,SCOOPE,325 Rue Robert Amy 49400 Saumur
49 410,49,Maine-et-Loire,Bibliothèque Saint-Florent-le Vieil,12 Avenue de l'Europe 49410 Saint-Florent-le-Vieil
49 410,49,Maine-et-Loire,Cybercentre - ERN ValMauges,ZI DE LA LANDE (Saint-Florent-le-Vieil) 49410 Mauges-sur-Loire
49 418,49,Maine-et-Loire,Médiathèque de Saumur / Réseau Imagin'R,Rue Célestin-Port 49418 Saumur
49 420,49,Maine-et-Loire,Bibliothèque Jules Mougin-Pouancé,4 Boulevard de la Prevalaye (Pouancé) 49420 Ombrée d'Anjou
49 420,49,Maine-et-Loire,MSAP Ombrée d'Anjou,36 Rue du maréchal Foch 49420 Pouancé
49 430,49,Maine-et-Loire,Maison de Services Au Public de Durtal,11 rue Joseph Cugnot 49430 Durtal
49 440,49,Maine-et-Loire,Bibliothèque de la Cornuaille,1 Place de l'Eglise 49440 La Cornuaille
49 440,49,Maine-et-Loire,CARSAT,1 Avenue Firmin Tortiger 49440 Candé
49 440,49,Maine-et-Loire,Espace culturel Candéen,1 Rue Firmin Tortinger 49440 Candé
49 450,49,Maine-et-Loire,Médiathèque Saint Exupéry,6 Rue Jean Moulin 49450 Sèvremoine
49 460,49,Maine-et-Loire,CS Espace Solidarité Nelson Mandela,1 Allée Henri David 49460 Montreuil-Juigné
49 460,49,Maine-et-Loire,Espace Jeunesse / PIJ,10 Rue Lamartine 49460 Montreuil-Juigné
49 480,49,Maine-et-Loire,Bibliothèque Maison Rouge,13 Rue Victor Hugo 49480 Verrières-en-Anjou
49 480,49,Maine-et-Loire,Espace jeunesse / PIJ,Avenue de la Francaiserie (Saint-Sylvain-d'Anjou) 49480 Verrières-en-Anjou
49 490,49,Maine-et-Loire,Maison de services au public,1 Rue d'Anjou 49490 Noyant-Villages
49 490,49,Maine-et-Loire,MSAP Noyant-Villages,1 Rue d'Anjou 49490 Noyant
49 500,49,Maine-et-Loire,Médiathèque Segré en Anjou Bleu,39 Rue Charles de Gaulle 49500 Segré
49 500,49,Maine-et-Loire,Segré - Sous-préfecture,2 Rue Lamartine 49500 Segré-en-Anjou-Bleu
49 520,49,Maine-et-Loire,Cyber-base Maine 301,8 Rue Mazagran 72110 Bonnétable
49 520,49,Maine-et-Loire,EPIDE-Combrée,1 Rue Chevalier d'Avoynes (Combrée) 49520 Ombrée d'Anjou
49 530,49,Maine-et-Loire,Centre SocioCulturel Rives de Loire,20 Rue FJA Chenouard 49530 Drain
49 530,49,Maine-et-Loire,Ludothèque d'Orée-d'Anjou,4 Rue des Noues 49530 Orée-d'Anjou
49 600,49,Maine-et-Loire,Centre Social  Evre et Mauges,10 Rue du Sous Préfet Barre 49600 Beaupréau-en-Mauges
49 600,49,Maine-et-Loire,Cybercentre de Beaupréau en Mauges,8 rue du sous préfet Barré Beaupréau 49600 Beaupréau-en-Mauges
49 600,49,Maine-et-Loire,Maison de services au public Beaupréau,10 Rue du Sous Préfet Barre 49600 Beaupréau-en-Mauges
49 610,49,Maine-et-Loire,Espace Multimédia Jean Carmet,Rue Jean Thuleau 49610 Mûrs-Erigné
49 610,49,Maine-et-Loire,Hôtel de ville - Mairie de Mûrs-Érigné,5 Chemin de Bellevue 49610 Mûrs-Érigné
49 610,49,Maine-et-Loire,Médiathèque de Saint-Mélaine-sur-Aubance,5 Rue Armand Brousse 49610 Saint-Mélaine
49 620,49,Maine-et-Loire,Centre social Val'Mauges,Place du Bourg Davy (La Pommeraye) 49620 Mauges-sur-Loire
49 630,49,Maine-et-Loire,Espace Public Numérique de CORNé,39 Place Paul Mauget (Corné) 49630 Loire-Authion
49 630,49,Maine-et-Loire,Mairie de Mazé-Milon,Place de l’Église 49630 Mazé-Milon
49 630,49,Maine-et-Loire,Médiathèque Bouquins Passion,Centre Socio-culturel des moulins  Impasse Jules Frémont 49630 Corné - Loire-Authion
49 650,49,Maine-et-Loire,Association Micro-informatique Allonanise (AMIA),11 Place de la mairie 49650 Allonnes
49 700,49,Maine-et-Loire,Centre socioculturel du Douessin,5 Place de Justice de Paix (Doué-la-Fontaine) 49700 Doué-en-Anjou
49 700,49,Maine-et-Loire,Mairie de Louresse-Rochemenier,8 Rue Principale 49700 Louresse-Rochemenier
49 700,49,Maine-et-Loire,Médiathèque de Doué-en-Anjou,3 Place Théophane Venard 49700 Doué-la-Fontaine
49 700,49,Maine-et-Loire,MSA Agence Saumurois/ Layon,4 Rue Saint Denis 49700 Doué-en-Anjou
49 730,49,Maine-et-Loire,Club Informatique RAVI,10 B Rue de la Loire 49730 Varennes-sur-Loire
49 730,49,Maine-et-Loire,Rencontre des Amateurs Varennais autour de l'Informatique,10 Rue de la Loire 49730 Varennes-sur-Loire
49 770,49,Maine-et-Loire,CCAS Longuenée-en-Anjou,Place Eric Tabarly 49770 La Membrolles-sur-Longuenée
49 770,49,Maine-et-Loire,Mairie de la Meignanne,27 Rue de la Mairie 49770 La Meignanne
49 770,49,Maine-et-Loire,Mairie de la Membrolle-sur-Longuenée,Place Éric Tabarly 49770 La Membrolles-sur-Longuenée
49 770,49,Maine-et-Loire,Mairie de Pruillé,Square Luc Durand 49770 Pruillé
49 770,49,Maine-et-Loire,Mairie du Plessis Macé,1 Rue d'Anjou 49770 Le Plessis-Macé
49 800,49,Maine-et-Loire,AICLA,8  rue de bellevue 49800
49 800,49,Maine-et-Loire,Association Vivre ensemble,61 Rue de Valongo 49800 Trélazé
49 800,49,Maine-et-Loire,Bibliothèque Au Fil des Mots,Rue Ligérienne - 49800 La Daguenière - Loire-Authion
49 800,49,Maine-et-Loire,Bibliothèque Au Fil des Mots,Rue Ligérienne 49800 La Daguenière
49 800,49,Maine-et-Loire,Bibliothèque Entre Loire et Authion,Rue de la Salette - 49800 La Bohalle - Loire-Authion
49 800,49,Maine-et-Loire,Médiathèque Au Fil des Pages,Espace Culturel  9 rue du Parc - 49800 Andard - Loire-Authion
49 800,49,Maine-et-Loire,Médiathèque Au Fil des Pages,9 Rue du parc 49800 Andard
49 800,49,Maine-et-Loire,Médiathèque des 4 vents,2 rue de la Croix de Bois - 49800 Brain-sur-l'Authion - Loire-Authion
49 800,49,Maine-et-Loire,Médiathèque des 4 vents,2 Rue de la Croix de Bois 49800 Brain-sur-l'Authion
49 800,49,Maine-et-Loire,Médiathèque Hervé-Bazin,Chemin de la Maraîchère 49800 Trélazé
49 800,49,Maine-et-Loire,Point Cyb – Médiathèque des 4 vents,2 Rue de la Croix de Bois (Brain-sur-l'Authion) 49800 Loire-Authion
49 800,49,Maine-et-Loire,Point Cyb La Bohalle,Passage de la Mairie (La Daguenière) 49800 Loire-Authion
53 000,53,Mayenne,ADMR de la Mayenne,18 rue des Drs Calmette et Guerin Laval
53 000,53,Mayenne,Avenir Formation,138 Avenue des Français libres LAVAL
53 000,53,Mayenne,Caf de la Mayenne,11 quai Paul Boudet 53000 Laval
53 000,53,Mayenne,Cap Emploi 53,40 rue Albert Einstein Laval
53 000,53,Mayenne,Carsat Pays de la Loire,37 Boulevard Montmorency Laval
53 000,53,Mayenne,CPAM de la Mayenne,37  boulevard Montmorency Laval
53 000,53,Mayenne,EDI A la Croisée,8  rue du pin doré Laval
53 000,53,Mayenne,Générations Mouvement Fédération 53,76 Boulevard Lucien Daniel Laval
53 000,53,Mayenne,GLEAM 53,104 Bd Brune Laval
53 000,53,Mayenne,GRETA du Maine,1 rue Jules Méline 53000 LAVAL
53 000,53,Mayenne,La Ligue de l'enseignement,31 Allée du Vieux Saint Louis 53000 LAVAL
53 000,53,Mayenne,Mission locale de la Mayenne,Rue de la Gaucherie Laval
53 000,53,Mayenne,Net'entr@ide,8 Impasse Haute Chiffolière Laval
53 000,53,Mayenne,Orange Solidarité/Fondation Orange,124  Boulevard Becquerel 53000 Laval
53 000,53,Mayenne,Orange Solidarité/Fondation Orange,124  Boulevard Becquerel 53000 Laval
53 000,53,Mayenne,Secours Catholique de la Mayenne,6 rue du Dr Ferron Laval
53 000,53,Mayenne,Service de prévention spécialisée 53,20  rue Victor Laval
53 000,53,Mayenne,UDAF53,26 rue des Docteurs Calmette et GuérinCS 1100953010 Laval cedex
53 014,53,Mayenne,La Ligue de l'enseignement,31  allée du Vieux-Saint-Louis Laval
53 014,53,Mayenne,Maison départementale de l’autonomie,12 quai de Bootz LAVAL
53 082,53,Mayenne,MSA Mayenne Orne Sarthe,76 Bd Lucien Daniel Laval
53 100,53,Mayenne,CCAS de Mayenne,10 Rue de Verdun Mayenne
53 100,53,Mayenne,Centre départemental de la solidarité de Mayenne,4 rue réaumur Mayenne
53 100,53,Mayenne,COPAINVILLE FJT et CHRS,273 rue du Fauconnier Mayenne
53 100,53,Mayenne,Les Possibles,44  place Gambetta  53100 Mayenne
53 100,53,Mayenne,Médiathèque Jean-Loup Trassard  Le Grand Nord,1 esplanade François Mittérand 53100 Mayenne
53 100,53,Mayenne,PIJ,44 Place Gambetta 53100 Mayenne
53 100,53,Mayenne,Pôle Emploi,8 Rue Charles de Blois Mayenne
53 110,53,Mayenne,Maison de service au Public Mayenne Communauté,18 place du 8 Mai 1945 – 53110 Lassay-Les-Chateaux
53 110,53,Mayenne,MSAP de Lassay les Châteaux,15 grande rue Lassay les Châteaux
53 120,53,Mayenne,Antenne solidarité de Gorron,3 Place de la Cour des Forges Gorron
53 120,53,Mayenne,EPI du Bocage,5 rue du Coq Gorron
53 120,53,Mayenne,Médiathèque Victor Hugo,7 Grande rue Gorron 
53 120,53,Mayenne,MSAP de Gorron,Place de la Mairie Gorron
53 120,53,Mayenne,Service aux personnes CCBM,1 grande rue Gorron
53 140,53,Mayenne,Communauté de commune du Mont des Avaloirs,1 rue de la corniche de pailPré en pail53140 PRE EN PAIL SAINT SAMSON
53 140,53,Mayenne,Espace France Service de la communauté de communes du mont des avaloirs,1 Rue de la Corniche de Pail (Pré-en-Pail) 53140 Pré-en-Pail-Saint-Samson
53 140,53,Mayenne,MSAP de Pré-en-Pail Saint-Samson,1 rue de la corniche de pail Pré-en-Pail
53 160,53,Mayenne,La Maison de Services au Public des Coëvrons,2 Avenue Auguste Janvier 53160 Bais
53 160,53,Mayenne,MSAP de Bais,2  Avenue Auguste Janvier Bais
53 170,53,Mayenne,CIAS MSAP de Meslay-Grez,1 voie de la Guiternière Meslay-du-Maine
53 170,53,Mayenne,L'Espace multimédia du Pays de Meslay-Grez,1 Voie de la Guiternière 53170 Meslay-du-Maine
53 170,53,Mayenne,La Maison de services au public du Pays de Meslay-Grez,1 Voie de la Guiternièe 53170 Meslay-du-Maine
53 170,53,Mayenne,Médiathèque de Meslay-du-Maine,3  bd d'Aldingen Meslay-du-Maine
53 190,53,Mayenne,Médiathèque de Fougerolles du Plessis,Place du 11 novembre Fougerolles du Plessis
53 200,53,Mayenne,Centre social du Pays de Château-Gontier,23 place de la République Chateau Gontier sur Mayenne
53 200,53,Mayenne,Communauté de Communes du Pays de Château-Gontier,23 Place de la République 53200 Château-Gontier
53 220,53,Mayenne,Médiathèque de Montaudin,Place de l'Eglise Montaudin
53 230,53,Mayenne,Familles rurales Cossé le Vivien,Cossé le Vivien
53 290,53,Mayenne,Médiathèque de Grez en Bouère,28  rue de la libération Grez en Bouère
53 300,53,Mayenne,La Maison de services au public,6 Place du Château 53300 Ambrières-les-Vallées
53 300,53,Mayenne,MSAP Ambrières-les-Vallées,6 Place du Château Ambrières-les-Vallées
53 320,53,Mayenne,La Maison de services au public du Pays de Loiron,La Chapelle du Chêne (Loiron) 53320 Loiron-Ruillé
53 320,53,Mayenne,MSAP de Loiron,Maison de Pays Loiron-Ruillé
53 370,53,Mayenne,Familles rurales Saint-Pierre-des-Nids,21 rue du Docteur Poirrier Saint-Pierre-des-Nids
53 370,53,Mayenne,Familles Rurales St Pierre des Nids,Maison des Associations - 1 rue des Giroie
53 400,53,Mayenne,CIAS Pays de Craon,29 rue de la Libération Craon
53 400,53,Mayenne,EDI Les Ateliers d'échanges,9 rue de l'Eperon Craon
53 400,53,Mayenne,Le Nulle Part Ailleurs,6  Rue de la Tour-du-Guet Craon
53 400,53,Mayenne,Maison de services au public Pays de Craon,29 Rue de la Libération 53400 Craon
53 400,53,Mayenne,Médiathèque de Craon,18  Rue Flandres Dunkerque Craon
53 400,53,Mayenne,MSAP du Pays de Craon,29 rue de la Libération Craon
53 400,53,Mayenne,Pays de Craon,Rue de Buchenberg Craon
53 400,53,Mayenne,RoboRAVE,54 rue Poirier Craon
53 410,53,Mayenne,EDI Le Chalet des échanges de savoirs,22 rue de Verdun Port-Brillet
53 420,53,Mayenne,Familles rurales Chailland,Place de la Mairie Chailland
53 500,53,Mayenne,Antenne solidarité d'Ernée,1 Avenue Général de Gaulle Ernée
53 500,53,Mayenne,CIAS MSAP de l'Ernée,Parc d'activités de la Querminais Ernée
53 500,53,Mayenne,EDI l'Escapade,Parc d'Activités de la Querminais 53500 Ernée
53 500,53,Mayenne,EDI l'Escapade,Parc d'activités de la Querminais 53500 Ernée
53 500,53,Mayenne,Médiathèque La Tourelle,43 Place Renault Morlière Ernée
53 540,53,Mayenne,Espace de Vie Sociale AMAC,3 Passage du Cormier Saint-Poix
53 600,53,Mayenne,Espace Coëvrons,Avenue Raoul Vadepied 53600 Châtres-la-Forêt
53 600,53,Mayenne,Le Nymphéa,Rue Alain Vadepied EVRON
53 600,53,Mayenne,MSAP d'Evron,6 rue de Hertford Évron
53 700,53,Mayenne,Communauté de Communes du Mont des Avaloirs,17 Boulevard du Général de Gaulle 53700 Villaines-la-Juhel
53 700,53,Mayenne,Médiathèque de Villaines la Juhel,Rue des Rosiers Villaines la Juhel
53 700,53,Mayenne,MSAP de Villaines-la-Juhel,17 Bd Général de Gaulle Villaines-la-Juhel
53 800,53,Mayenne,Centre social Douanier Rousseau,Parc du Fresne Renazé
53 950,53,Mayenne,CCAS de Louverné,Rue de l’Abbé Angot Louverné
72 000,72,Sarthe,Argos Conseils Et Formations,6 Avenue Pierre Mendes France Le Mans
72 000,72,Sarthe,Association Avf,94 Bis Rue Nationale Le Mans
72 000,72,Sarthe,Bureaux Services,TechnopôLe De L'université 3 Avenue René Laënnec Le Mans
72 000,72,Sarthe,Centre Social Des Cochereaux,4 Rue Des Cochereaux Le Mans
72 000,72,Sarthe,Espace Public Numérique Mpt Jean Moulin,23 Rue Robert Collet Le Mans
72 000,72,Sarthe,Hangar Crealab,43 Rue D'alger Le Mans
72 000,72,Sarthe,La Grande Maison Centre Social Simone Veil,34 Avenue De La Libération Le Mans
72 000,72,Sarthe,La Tribu Coworking,10 Rue Du Docteur Leroy Le Mans
72 000,72,Sarthe,Le Mans Créapolis,8 Avenue René Laënnec Le Mans
72 000,72,Sarthe,Regus,Place Du 8 Mai 1945 Quartier D'affaires Novaxis Le Mans
72 100,72,Sarthe,Association L'arbre,2 Rue De Pologne Le Mans
72 100,72,Sarthe,Azimconsulting,19 Boulevard Marie et Alexandre Oyon 72100 Le Mans
72 100,72,Sarthe,Centre culturel L' Espal,62 Rue de l'Esterel 72100 Le Mans
72 100,72,Sarthe,Centre D'information Jeunesse,13 Rue De L'etoile Le Mans
72 100,72,Sarthe,Centre Social Des Quartiers Sud,20 Bd Des Glonnières Le Mans
72 100,72,Sarthe,Espace Jeunesse Sablons,6 Rue Du Cantal Le Mans
72 100,72,Sarthe,La Casquette,3 Avenue De Madrid Le Mans
72 100,72,Sarthe,La Ruche Numérique,19 Boulevard Marie Et Alexandre Oyon Le Mans
72 100,72,Sarthe,Le Kaleidoscope Centre Social Des Sablons,9 Rue Du Cantal Le Mans
72 100,72,Sarthe,Le Mans Innovation,57 Boulevard Demorieux Le Mans
72 100,72,Sarthe,Maison De L'emploi Et De La Formation Et Mission Locale De L'agglomération Mancelle,39 Rue De L'esterel Le Mans
72 100,72,Sarthe,Maison de l'Emploi et de la Formation Le Mans Métropole Pays du Mans,Place des Sablons 72100 Le Mans
72 100,72,Sarthe,Mission Locale de l'Agglomération Mancelle,5 BIS Boulevard Winston Churchill 72100 Le Mans (é)
72 100,72,Sarthe,Mjc Des Roncerays,49 Boulevard De La Fresnellerie Le Mans
72 100,72,Sarthe,Relais72 Interculturel,6 Rue D'espagne Le Mans
72 110,72,Sarthe,Cyberbase Espace Maine 301 Centre Intercommunal Mazagran,8 Rue Mazagran Bonnetable
72 110,72,Sarthe,EPN Maine Saosnois - Antenne Bonnétable,Antenne de Bonnétable  8 rue Mazagran 72110 Bonnétable
72 110,72,Sarthe,Espace Numérique,Le Bourg Courcival
72 120,72,Sarthe,Espace Emploi Formation St Calais,17 Rue Fernand Poignant 72120 Saint-Calais
72 130,72,Sarthe,Centre Social L'escale,4 Rue Bassum Fresnay-Sur-Sarthe
72 130,72,Sarthe,Cyber-base des Alpes Mancelles,Place Bassum 72130 Fresnay-sur-Sarthe
72 130,72,Sarthe,Déclic Pays Fresnois,2 Rue de l'Abbé Lelievre 72130 Fresnay-sur-Sarthe
72 130,72,Sarthe,Haute Sarthe Alpes Mancelles,2 Rue de l'Abbé Lelievre 72130 Fresnay-sur-Sarthe
72 130,72,Sarthe,Maison De Services Au Public,2 Rue De L'abbé Lelièvre Fresnay-Sur-Sarthe
72 130,72,Sarthe,Point Information Jeunesse Du Pays Fresnois,4 Rue Bassum Fresnay-Sur-Sarthe
72 140,72,Sarthe,Cybercentre /Réseau Cyber-Base du Maine Normand,30 Rue du Docteur Touchard 72140 Sillé-le-Guillaume
72 140,72,Sarthe,Espace De Coworking,30 Rue Du Docteur Touchard Sille-Le-Guillaume
72 140,72,Sarthe,Espace Emploi,30 Rue Du Docteur Touchard Sille-Le-Guillaume
72 140,72,Sarthe,Espace Numérique De Sillé Le Guillaume,30 Rue Du Docteur Touchard Sille-Le-Guillaume
72 150,72,Sarthe,Centre social Belleville,2 Rue de Belleville 72150 Le Grand-Lucé
72 150,72,Sarthe,Centre Social Rural,2 Rue De Belleville Le Grand-Luce
72 150,72,Sarthe,Maison De Services Au Public,2 Rue De Belleville Le Grand-Luce
72 160,72,Sarthe,Cyber Espace De Tuffé,2 Rue Verte Tuffe Val-De-Cheronne
72 160,72,Sarthe,Cyber-base Tuffé,4 Passage de la Gare (proche bibliothèque) 72160 Tuffé Val de la Chéronne
72 160,72,Sarthe,Cyberbase De Connerré,1 Rue De L'abreuvoir Connerre
72 160,72,Sarthe,Espace Numérique,Rue De La Mairie Tuffe Val-De-Cheronne
72 160,72,Sarthe,Espace Public Numérique,1 Rue de l'Abreuvoir 72160 Connerré
72 160,72,Sarthe,Espace Public Numérique,48  rue de Paris 72160 Connerré
72 170,72,Sarthe,Centre Social Georges Rouault,21 Avenue De La Division Leclerc Beaumont-Sur-Sarthe
72 170,72,Sarthe,Espace Emploi Formation Beaumont MDE ML,13 Place de la Libération 72170 Beaumont-sur-Sarthe
72 170,72,Sarthe,Espace Numérique,8 Rue Pierreuse Segrie
72 190,72,Sarthe,Mairie,Square Weyhe Coulaines
72 190,72,Sarthe,Mission Locale Nord,4 Place De L'europe Coulaines
72 200,72,Sarthe,Espace De Coworking Cogito,1 Rue Nicolas Appert La Fleche
72 200,72,Sarthe,Espace Multimédia Du Pays Flèchois,3 Rue Nicolas Appert La Fleche
72 200,72,Sarthe,Espace Numérique,4 Rue Nationale Clermont-Creans
72 200,72,Sarthe,Mairie,2 Place De La Mairie Le Bailleul
72 200,72,Sarthe,Point Information Jeunesse,48 Boulevard Gambetta 72200 La Flèche
72 200,72,Sarthe,Sablé-sur-Sarthe MDE Sarthe Sud,3 Rue Nicolas Appert 72200 La Flèche
72 200,72,Sarthe,Espace Multimédia,2 rue Nicolas Appert - 72200 La Flèche
72 210,72,Sarthe,Communauté de communes du Val de Sarthe, 72210 Val de Sarthe
72 210,72,Sarthe,Espace emploi Roëzé,27 rue du 11 novembre – BP 26 72210 LA SUZE SUR SARTHE
72 210,72,Sarthe,Service Emploi De La Communauté De Communes Du Val De Sarthe,27 Rue Du 11 Novembre La Suze-Sur-Sarthe
72 220,72,Sarthe,Cybercentre Smiden,1 Rue Sainte Anne Ecommoy
72 220,72,Sarthe,Espace Emploi,2 Rue Sainte Anne Ecommoy
72 220,72,Sarthe,Espace Rural Emploi Formation,1 Rue Sainte-Anne 72220 Ecommoy
72 230,72,Sarthe,DEPAR (Demandeurs d'Emploi et Précaire d'Armage et ses environs),28 Avenue de la Paix 72230 Arnage
72 230,72,Sarthe,Espace Numérique,Place Du Gué Guecelard
72 240,72,Sarthe,Centre social Conlie,Allée Marie Louise Souty 72240 Conlie
72 240,72,Sarthe,Centre Social Rural Du Canton De Conlie,9 Allée Marie Louise Souty Conlie
72 240,72,Sarthe,CyberCentre de Conlie,4 Rue de Gaucher 72240 Conlie
72 240,72,Sarthe,Cybercentre De Conlie,4 Rue De Gaucher Conlie
72 250,72,Sarthe,Cybercentre Smiden,1 Rue Des Ecoles Parigne-L'eveque
72 250,72,Sarthe,SMiDeN & Cybercentre,Rue Des Ecoles; 72250 Parigné-l'Évêque
72 260,72,Sarthe,Cascade Marolles Les Braults Caf,15 Place De L'eglise Marolles-Les-Braults
72 260,72,Sarthe,Cyberbase Du Pays Marollais,7 Place Henri Coutard Marolles-Les-Braults
72 260,72,Sarthe,EPN Maine Saosnois - Antenne Marolles,EPN Maine Saosnois - Antenne de Marolles7 place Henri-Coutard 72260 MAROLLES LES BRAULTS
72 260,72,Sarthe,Espace Public Numérique,7 Place Henri Coutard 72260 Marolles-les-Braults
72 260,72,Sarthe,Le bureau de poste,4 BIS Rue du Général de Gaulle 72260 Marolles-les-Braults
72 260,72,Sarthe,Maison De Services Au Public,Bureau De Poste 4 Bis Rue Du Général De Gaulle Marolles-Les-Braults
72 270,72,Sarthe,cyber centre du Pays Malicornais,24 BIS Rue Victor Hugo 72270 Malicorne-sur-Sarthe
72 290,72,Sarthe,Centre Social La Maison des Projets,Rue Pierre Mendès France (Ballon) 72290 Ballon-Saint Mars
72 290,72,Sarthe,Maison de services au public,20 Rue Paul Ilias (Ballon) 72290 Ballon-Saint Mars
72 290,72,Sarthe,Maison De Services Au Public,Bureau De Poste 20 Rue Paul Ilias Ballon Saint-Mars
72 290,72,Sarthe,Maison Des Projets,Espace François Mitterrand Ballon Saint-Mars
72 300,72,Sarthe,Cybercentre,Place Raphaël Elize 72300 Sablé-sur-Sarthe
72 300,72,Sarthe,Espace Numérique,25 Rue Du Maine La Chapelle-D'aligne
72 310,72,Sarthe,La Poste - Agence Communale,12 Place De L'hôtel De Ville Besse-Sur-Braye
72 330,72,Sarthe,Espace Numérique,1 Place Marin Mersenne Oize
72 340,72,Sarthe,Centre Social Du Val Du Loir,36 Rue Gervais Chevallier La Chartre-Sur-Le-Loir
72 340,72,Sarthe,Centre social les trèfles,36 Rue Gervais Chevallier 72340 La Chartre-sur-le-Loir
72 340,72,Sarthe,Espace Numérique,Place De L'hôtel De Ville Montval-Sur-Loir
72 340,72,Sarthe,Maison De Services Au Public,Bureau De Poste Place De L'hôtel De Ville La Chartre-Sur-Le-Loir
72 340,72,Sarthe,Maison de services au public,Place de l'Hotel de Ville 72340 La Chartre-sur-le-Loir
72 350,72,Sathe,Espace FRANCE SERVICES,Mairie - 1 Place Albert Liébault - 72350 BRULON
72 350,72,Sarthe,la Mission Locale,1 Place Albert Liebault 72350 Brûlon
72 350,72,Sarthe,Maison De Services Au Public,1 Place Albert Liébault Brulon
72 350,72,Sarthe,Relais Service Publics,Place Albert Liebault 72350 Brûlon
72 400,72,Sarthe,Cyber Espace De La Ferté Bernard,3 Rue Du Moulin à Tan Centre Culturel La Laverie La Ferte-Bernard
72 400,72,Sarthe,Cybercentre de La Ferté Bernard,3 Rue du Moulin Tan 72400 La Ferté-Bernard
72 400,72,Sarthe,Maison de l'emploi Sarthe Nord,45 BIS Avenue du Général de Gaulle 72400 La Ferté-Bernard
72 400,72,Sarthe,Mission Locale Sarthe Nord,45 Bis Avenue Du Général De Gaulle La Ferte-Bernard
72 430,72,Sarthe,Espace De Coworking Village Factory,2 Bis Rue Du Lavoir Asnieres-Sur-Vegre
72 430,72,Sarthe,Espace Numérique,3 Rue De La Mairie Ferce-Sur-Sarthe
72 430,72,Sarthe,Le bureau de poste,20 Rue Pasteur 72430 Noyen-sur-Sarthe
72 430,72,Sarthe,Maison De Services Au Public,Bureau De Poste 20 Rue Pasteur Noyen-Sur-Sarthe
72 440,72,Sarthe,Centre Social Bouloire,3 Rue du Collège 72440 Bouloire
72 450,72,Sarthe,Centre Social Lares,1 Place Jacques Moreau Montfort-Le-Gesnois
72 450,72,Sarthe,Centre social Montfort,Place Jacques Moreau 72450 Montfort-le-Gesnois
72 450,72,Sarthe,Cyberbase Emploi,1 Place Jacques Moreau Montfort-Le-Gesnois
72 460,72,Sarthe,Cybercentre de Savigné L'EvÉque,112 Grande Rue 72460 Savigné l'évèque
72 460,72,Sarthe,Espace Numérique De La Cdc Le Gesnois Bilurien,112 Grande Rue Savigne-L'eveque
72 470,72,Sarthe,Centre D'animation Sociale Jean Claude Laude Espace Multimédia,Rue Jacques Guède Champagné
72 470,72,Sarthe,Cyber-base de Champagné,Rue Jacques Guède 72470 Champagné
72 500,72,Sarthe,Espace Loir et Bercé,4 Rue de la Bascule (Château-du-Loir) 72500 Montval-sur-Loir
72 500,72,Sarthe,Espace Public Numérique Loir Lucé Bercé,4 Rue De La Bascule Montval-Sur-Loir
72 500,72,Sarthe,Espaces Publics Numériques Loir-Lucé-Bercé,rue de la Bascule - Château du Loir72500 Montval sur Loir
72 500,72,Sarthe,Mission Locale Sarthe Et Loir,16 Rue Du 11 Novembre Montval-Sur-Loir
72 500,72,Sarthe,Point Information Jeunesse,16 rue du 11 novembre (Château-du-Loir) 72500 Montval-sur-Loir
72 510,72,Sarthe,Le bureau de poste,7 Rue de la Poste 72510 Mansigné
72 510,72,Sarthe,Maison De Services Au Public,Bureau De Poste 7 Rue De La Poste Mansigne
72 540,72,Sarthe,Centre D'accueil Communal De Loué,Rue Du Colonel Donaldson Loue
72 540,72,Sarthe,Centre d'Accueil Communal de Loué,Rue Ricordeau 72540 Loué
72 600,72,Sarthe,Cybercentre Du Saosnois,22 Boulevard Victor Hugo Mamers
72 600,72,Sarthe,Cybercentre du Saosnois (site de Mamers),1 B Rue Ernest Renan 72600 Mamers
72 600,72,Sarthe,EPN Maine Saosnois - Antenne Mamers,Antenne de Mamers22 Bd Victor Hugo72600 Mamers
72 600,72,Sarthe,Mission Locale Nord Sarthe - Cyber-base emploi,Place Carnot 72600 Mamers
72 600,72,Sarthe,Mission Locale Sarthe Nord,Résidence Du Stade Bâtiment E Mamers
72 610,72,Sarthe,Centre Social - Oisseau le petit,15 Rue des Champs Roux 72610 Oisseau-le-Petit
72 610,72,Sarthe,Centre Social Du Pays De La Haute Sarthe,15 Les Champs Roux Oisseau-Le-Petit
72 700,72,Sarthe,Cyber Spay,12 Rue Edouard Moriceau Spay
72 700,72,Sarthe,Cyber@spay,12 Rue édouard Moriceau 72700 Spay
72 700,72,Sarthe,Mission Locale Maison De L'emploi,8 Rue Claude Debussy Allonnes
72 700,72,Sarthe,PAIO - Rives de Sarthe – Le Cube,12 Rue Georges Bizet 72700 Allonnes/Rue Jean Behra72700 Allonnes
72 800,72,Sarthe,Cybercentre du Pays du Loire,Allée de l'Ancienne Gare 72800 Le Lude
72 800,72,Sarthe,Cybercentre Intercommunal,Alée De L'ancienne Gare Le Lude
72 800,72,Sarthe,Espace Intercommunal Des Services,28 Place Neuve Le Lude
72 800,72,Sarthe,La Communauté de Communes Sud Sarthe,5 Rue des Écoles; 72800 Aubigné-Racan
72 800,72,Sarthe,Maison De Services Au Public,28 Place Neuve Le Lude
72 800,72,Sarthe,Maison de services au public de Le Lude,28 Place Neuve 72800 Le Lude
85 000,85,Vendée,AMAQY ,86 Rue Jean Launois 85000 La Roche-sur-Yon
85 000,85,Vendée,Espace Public Numérique,86 rue Jean Launois  bât M  Résidence La Vigne aux roses 85000 La Roche sur Yon
85 000,85,Vendée,Espace Public Numérique de la Roche sur Yon,86 Rue Jean Launois 85000 La Roche-sur-Yon
85 000,85,Vendée,Germaine,Fédération des Centres sociaux de Vendée71 Bd Aristide Briand - Pôle associatif85000 LA ROCHE SUR YON
85 100,85,Vendée,Espace Multimédia,Rue de Verdun 85100 Les Sables-d'Olonne
85 100,85,Vendée,Médiathèque Le Globe  Réseau des médiathèques des Sables d'Olonne ,Rue de Verdun  85100 Les Sables d'Olonne
85 120,85,Vendée,Espace Multimédia Louis Blanchet,Rue Augustin de Hargues 85120 La Tardière
85 120,85,Vendée,La Châtaigneraie,7 Place de la République 85120 La Châtaigneraie
85 140,85,Vendée,cyber centre,Place de la Mairie (Les Essarts) 85140 Essarts en Bocage
85 170,85,Vendée,Solidavie,4 Bis place du marché
85 180,85,Vendée,Bibliothèque Michel Raimbaud,Boulevard des Anciens Combattants Afn 85180 Château-d'Olonne
85 180,85,Vendée,Médiathèque Michel Raimbaud  Réseau des médiathèques des Sables d'Olonne ,Allée du parc de Coubertin  85180 Les Sablesd'Olonne
85 190,85,Vendée,CYBER ESPACE,Rue de Lattre de Tassigny 85190 Venansault
85 190,85,Vendée,Cyberclub-Acces,10 Rue du Calvaire 85190 Maché
85 200,85,Vendée,Centre social ODDAS -La Pommeraie,25  rue des Cordiers 85200 Fontenay le Comte
85 200,85,Vendée,Foyer Sud Vendée les 3 Portes-PIJ,16 Rue des Gravants 85200 Fontenay-le-Comte
85 210,85,Vendée,Maison de services au public,41 BIS Rue Georges Clemenceau 85210 Sainte-Hermine
85 230,85,Vendée,ASSOLI,7 rue Saint Nicolas 85230 Beauvoir-sur-Mer
85 300,85,Vendée,Cybercentre de la ville de Challans,Boulevard René Bazin 85300 Challans
85 330,85,Vendée,ESPACE GRAIN DE SEL,18 RUE DE LA POSTE 85330 NOIRMOUTIER EN L'ÎLE
85 340,85,Vendée,Médiathèque de la Jarrie  Réseau des médiathèques des Sables d'Olonne ,4 rue des Sables  85340 Les Sables d'Olonne
85 350,85,Vendée,Espace Numérique – Pôle Économique,49 Rue des Bossilles 85350 L'île-d'Yeu
85 400,85,Vendée,Campus Foyer des jeunes,6 Rue Saint-Mathurin 85400 Luron
85 440,85,Vendée,Cybercentre du Talmondais (ERN),8 Rue de l'Hôtel de Ville 85440 Talmont-Saint-Hilaire
85 450,85,Vendée,Bibliothèque municipale,Rue du Puits Chioux 85450 Champagné-les-Marais
85 450,85,Vendée,Maison de services au public,43 BIS Rue du 11 Novembre 85450 Chaillé-les-Marais
85 490,85,Vendée,"Centre Socioculturel ""le Kiosque""",13 rue de la Cure 85490 Benet
85 490,85,Vendée,Maison de services au public,Rue de la Combe 85490 Benet
85 500,85,Vendée,Cybercentre Les Herbiers,Rue de l'Etenduère 85500 Les Herbiers
85 540,85,Vendée,France Services,2 RUE DU CHEMIN DE FER - MOUTIERS LES MAUXFAITS
85 540,85,Vendée,Maison France Services - Vendée Grand Littoral,2 Rue du Chemin de Fer 85540 MOUTIERS-LES-MAUXFAITS
85 610,85,Vendée,TKPX,15 rue de la croix du houx 85610 La Bernardière
85 670,85,Vendée,la MSA,Rue Georges Clemenceau 85670 Palluau
85 700,85,Vendée,Cybercentre du Pays de Pouzauges,Route de Linaudière 85700 Pouzauges
85 700,85,Vendée,Maison de services au public,La Fournière 85700 Pouzauges
85 700,85,Vendée,Maison de services au public - France Services Pays de Pouzauges,Maison de l'intercommunalité Le Fournière 85700 POUZAUGES
85 800,85,Vendée,Centre socioculturel la ptite gare,35 rue du maréchal Leclerc 85800 Saint-Gilles-Croix-de-Vie
,85,Vendée,l'Accorderie du Pays de Saint Gilles,rue Jules Ferry 85800 Saint Gilles Croix de Vie