Code postal,Nom de la structure,Adresse postale,Numéro de téléphone,Site Web,Nom Prénom du référent,Mail contact,Activités proposées,Conditions d'accès,Accompagnement,Public,Équipement,APTIC,Date de mise à jour
44000,Mediagraph,1 Rue d'Auvours 44000 Nantes,240121912,,,,,,,,,,
44000,Bureau de la Poste Bourgneuf-en-Retz,16 Rue de la Tailée (Bourgneuf-en-Retz) 44580 Villeneuve-en-Retz,240214485,https://www.maisondeservicesaupublic.fr/,,,,Gratuit,,,,,
44000,Espace Multimedia Accoord Malakoff,Rue d'Angleterre 44000 Nantes,,,,,,,,,,,
44000,Mediagraph,1 Rue d'Auvours 44000 Nantes,,,,,,,,,,,
44000,Maison de l'emploi Malakoff,8 Rue d'Angleterre 44000 Nantes,,,,,,,,,,,
44000,CRIJ-CIJ,37 Rue Saint-Léonard 44000 Nantes,+33 2 51 72 94 50,http://www.infos-jeunes.fr/,,,,,,,,,
44000,,1 BIS Place Saint-Similien 44000 Nantes,,https://www.nantes.fr/ccas,,,Conseils sur les droits sociaux,,,,,,
44100,Dclic pÔle informatique des Dervallières,5 Rue Auguste Renoir 44100 Nantes,,,,,,,,,,,
44100,Maison de l'emploi Dervallières,8 Rue Henri Matisse 44100 Nantes,,,,,,,,,,,
44100,Maison de l'emploi Bellevue,46 Boulevard Jean Moulin 44100 Nantes,,,,,,,,,,,
44100,,46 Boulevard Jean Moulin 44100 Nantes,,,,,,gratuit,,,,,
44100,Médiathèque Lisa Bresner,23 Boulevard Émile Romanet 44100 Nantes,,,,,accompagnement numérique les jeudis après-midi.,,,,,,
44100,,5 Rue du Gers 44100 Nantes,,,,,,,,,,,
44100,Maison des habitants et du citoyen,1 Place des Lauriers 44100 Nantes,,,,, initiation possible sur ordinateur,,,, smartphone et tablette,,
44100,,Rue de Saint-Brevin 44100 Nantes,,,,,,,,,,,
44100,La Maison des habitants et du citoyen,1 Place des Lauriers 44100 Nantes,,,,,,,,,,,
44110,Maison de l'Emploi du Pays de Châteaubriant,16 Rue Gabriel de la Tour 44110 Châteaubriant,02 28 04 06 33,https://www.cc-chateaubriant-derval.fr,Directrice Christine GALISSON,mailto:cc-chateaubriant-derval.fr,La Communauté de Communes propose différents types de formation principalement des formations au BAFA (Brevet d’aptitude aux fonctions d’animateur); au PSC1 (Prévention et Secours Civiques de niveau 1) et aussi des formations au BAFD (Brevet d’aptitude au,Sans emplois / résidents CC Châteaubriant ,,Sans emploi ,un espace numérique qui regroupe toutes les offres d'emploi locales éditées par Pôle Emploi et ses partenaires; mais permettra également à tous; chefs d’entreprises; commerçants; artisans; particuliers employeurs; de publier leurs offres facilement et dir,,
44110,Pôle emploi Châteaubriant,10 Rue d'Ancenis 44110 Châteaubriant,39 46,https://www.pole-emploi.fr/annuaire/chateaubriant-44036,,,,Gratuit,,,,,
44110,Bibliotheque de Villepot,Rue de la Chapelle 44110 Villepot,240281039,http://www.cc-castelbriantais.fr/reseau-des-bibliotheques,,,,,,,,,
44110,Bibliotheque LOUISFERT,4 Rue de la République 44110 Louisfert,240813183,https://castelbriantais.e-sezhame.fr/node/content/nid/14403,,,,,,,,,
44110,Bibliothèque  de Soudan,Rue Julien Masson 44110 Soudan,240077451,http://www.cc-castelbriantais.fr/reseau-des-bibliotheques,,,,80€ hors commune,,,,,
44110,Bibliothèque Noyal-sur-Brutz,5 Rue des Troènes 44110 Noyal-sur-Brutz,02 40 28 09 58,http://www.cc-castelbriantais.fr/reseau-des-bibliotheques,,,,,,,1 poste informatique à disposition,,
44110,Bliblioth?Îque Erbray,4 Rue du Rocher 44110 Erbray,02 40 28 35 32,http://www.cc-castelbriantais.fr/reseau-des-bibliotheques,,,Lieu de lecture et d'activités.,gratuit,,,,,
44110,Médiathèque Chateaubriant,6 Place Saint-Nicolas 44110 Châteaubriant,240810333,http://www.mairie-chateaubriant.fr/mediatheque-intercommunale/,,,,6€ pour les résidents hors communauté de communes Carte pass plus :- Pour les résidents de communauté de communes (tarif réduit 12€ / tarif normal 18€)-Pour les résidents hors communautés de communes (tarif réduit 18€ / tarif normal 24€),,,,,
44117,Bibliothèque de saint-André-des-Eaux,Rue des Guifettes 44117 Saint-André-des-Eaux,251106264,http://bibliotheque.saint-andre-des-eaux.fr,A côté du terrain de football,,,gratuit,,,,,
44119,CCAS Grandchamp des fontaines,25 Avenue du Général de Gaulle 44119 Grandchamps-des-Fontaines,240771326,http://www.grandchampdesfontaines.fr/mairie/services-municipaux-1999/ccas-301.html?cHash=f7a91b93291d711ac66f686a531a2273,,,,Gratuit,,,,,
44119,,2 Rue des Cèdres 44119 Grandchamps-des-Fontaines,,,,,,,,,,,
44119,Maison de l'emploi Grandchamp-des-fontaines,1 Rue des Cèdres 44119 Grandchamps-des-Fontaines,251121094,http://www.cceg.fr/annuaire-des-structures-192/maison-de-l-emploi-et-de-la-formation-grandchamp-des-fontaines-85.html?cHash=f1888d85829b12fa37a18e7e73806223,,,Lieu de formation lié l'emploi.,gratuit,,,,,
44119,Médiathèque de Grandchamp des fontaines,Rue de Curette 44119 Grandchamps-des-Fontaines,249623970,http://www.grandchampdesfontaines.fr/culture-sports-loisirs/culture/mediatheque-victor-hugo-2057.html,,,Espace documentaire et point d'accès numérique.,,,,,,
44120,Service Jeunesse,15 Rue Aristide Briand 44120 Vertou,,,,,,,,,,,
44130,"Bibliothèque municipale ""Le Pot a Mots""",Place Notre-Dame du Châtellier 44310 Saint-Lumine-de-Coutais,240029456,,,,,,,,,,
44130,Espace Numérique Centre socioculturel Tempo,7 Rue du 11 Novembre 44130 Blain,,,,,,,,,,,
44130,Médiathèque de Fay de bretagne,2 Rue Georges Sicard 44130 Fay-de-Bretagne,240873365,http://www.faydebretagne.fr/jsp/site/Portal.jsp?page_id=120,Espace de lecture et point d'acc?Îs num??rique.,,,,,,,,
44130,,7 Rue du 11 Novembre 44130 Blain,,http://csctempo.fr/?lang=fr,,,Lieu de rencontre et de partage autour de jeu et de la convivialité,,,,,,
44130,Maison de l'emploi Blain,7 Rue Victor Schoelcher 44130 Blain,240799901,https://www.pays-de-blain.com/economie-emploi/emploi-et-formation/,,,Lieu d'information et de formation dans la recherche d'emploi,gratuit,,,,,
44140,POINT RELAIS EMPLOI,Rue de la Mairie 44140 Montbert,,,,,,,,,,,
44150,Point Info Mobile,19 Rue Général Leclerc 44510 Le Pouliguen,240423105,http://www.tourisme-lepouliguen.fr/wifi-au-pouliguen.html,,,,Gratuit,,,,,
44150,Mission locale d'Ancenis,30 Place Francis Robert 44150 Ancenis,02 40 96 44 30,http://www.missionlocalepaysancenis.fr/,,accueil@mlpaysancenis.fr,Écoute; information; orientation et accompagnement des jeunes de 16 à 25 ans,jeunes 16/25 ans / réside dans le pays d’Ancenis,,jeunes 16/25 ans ,Espace d’accueil avec des ordinateurs et accès wifi,,
44150,Pôle emploi,336 Rue de Chateaubriand 44150 Ancenis,3949,https://www.pole-emploi.fr/accueil/,,,Vous trouverez ici des ordinateurs mis à votre disposition et qui vous permettront d'avoir accès à l'ensemble de l'offre de service numérique Pôle Emploi.,gratuit,,,,,
44150,Bibliothèque Marcel Rouvreau,Port Arthur (Anetz) 44150 Vair-sur-Loire,240833195,http://bibliofil.pays-ancenis.fr/,Accès à un point numérique.,,,gratuit,,,,,
44150,Mairie d'Ancenis,Place du Maréchal Foch 44150 Ancenis,240838700,https://www.ancenis.fr,,,,gratuit,,,,,
44150,Relais Caf du Pays de Vallet,20 Rue émile Gabory 44330 Vallet,228039089,http://www.caf.fr/,,,,gratuit,,,,,
44150,Point relais emploi de Vallet,1 Place Charles de Gaulle 44330 Vallet,251719212,,,,Accès libre aux ordinateurs et accompagnement aux démarches sur site de la CAF.,gratuit,,,,,
44150,Maison de l'Etat,Rue du Docteur Bousseau 44150 Ancenis,240830850,http://www.loire-atlantique.gouv.fr/Services-de-l-Etat/Prefecture-et-sous-prefectures/Sous-prefecture-de-Chateaubriant-Ancenis,,,Vous trouverez ici un point d'accès numérique et services vos démarches de certificats d'immatriculation et de permis de conduire.,gratuit,,,,,
44150,,5 Place Armand de Béthune 44150 Ancenis,,https://fablabancenis.wordpress.com/,,,,,,ouvert à tous ,Machines,,
44150,,30 Place Francis Robert 44150 Ancenis,,,,,4 types de prestations ouvertes à tous ,,,,,,
44150,,30 Place Francis Robert 44150 Ancenis,,,,,Espace d'accueil et accompagnement social et professionnel : orientation,,,,,,
44150,Médiathèque Ancenis,Place de la République 44150 Ancenis,,http://bibliofil.pays-ancenis.fr/,,,Médiathèque qui propose l'emprunt ou la lecture sur place de divers supports culturels + accompagnement individuel sur demande des personnes,,,,,,
44160,Médiathèque Georges Sand,25 Rue de la Mairie 44160 Besné,240617635,http://mediatheque.besne.fr,,,Bibliothèque municipale à deux pas de la Mairie et de l’église.,Gratuit,,,,,
44160,Médiathèque de Pont-château,3 Rue du Chène Vert 44160 Pontchâteau,240016117,http://www.cc-paysdepontchateau.fr/contacts/mediatheque-de-pont-chateau,,,,Gratuit,,,,,
44160,Médiathèque  de Crossac,Impasse des Petits Matelots 44160 Crossac,240010608,http://www.cc-paysdepontchateau.fr/contacts/bibliotheque-de-crossac-2,,,,gratuit,,,,,
44160,Bibliothèque,2 Rue du Mortier Plat 44160 Sainte-Anne-sur-Brivet,240918488,http://www.sainte-anne-sur-brivet.fr/bibliotheque,,,,gratuit,,,,,
44160,Relais CAF,7 Place de l'église 44160 Pontchâteau,0 810 25 44 10,https://www.loire-atlantique.fr/jcms/classement-des-contenus/par-territoire/communaute-de-communes-du-pays-de-pont-chateau-saint-gildas-des-bois/caf-relais-de-pontchateau-fr-p2_638495,,,,gratuit,,,,,
44160,Bibliothèque de Sainte-Reine-de-Bretagne,7 Rue du Père de Montfort 44160 Sainte-Reine-de-Bretagne,251108648,www.cc-paysdepontchateau.fr/contacts/bibliotheque-de-sainte-reine-de-bretagne-2/,,,,gratuit,,,,,
44170,CSC lamano de Nozay,Le Patis Jourdeau 44170 Nozay,240793504,http://lamano.centres-sociaux.fr/,,,,adhésion individuelle -18 ans: 8€  adhésion individuelle +18 ans : 10€ adhésion familiale : 15€,,,,,
44170,Cyber-base emploi de Nozay,9 Rue de l'église 44170 Nozay,,,,,,,,,,,
44170,Médiathèque  de Jans,12 Route de Nozay 44170 Jans,240799515,http://www.biblios-ccsd.net/cms/articleview/id/121,,,,Gratuit,,,,,
44170,Bibliotheque de Vay,5 Rue Principale 44170 Vay,240795646,http://www.cc-nozay-bibliotheques.fr/index/index/id_profil/1,,,,-20ans:gratuit tarif +20ans:7€ habitant CCRN et 10€ Hors,,,,,
44170,Bibliotheque de Nozay,21 Rue Alexis Letourneau 44170 Nozay,02 40 79 31 65,http://www.cc-nozay-bibliotheques.fr/index/index/id_profil/1,,,,-20 Ans :gratuit + 20Ans:7€+20 Hors CCRN:10€,,,,,
44170,Bibliothèque de la grigonnais,5 Rue de l'Abbé- Merel 44170 La Grigonnais,02 40 87 52 07,https://www.lagrigonnais.fr/Bibliotheque-de-la-Grigonnais-Le,,,,inscription pour l’emprunt de livre ou document :10€ pour une famille et 6€ individuellement,,,,,
44170,Cybercentre de Nozay,Route de Nort Sur Erdre 44170 Nozay,,,,,,Accès libre gratuit,,,,,
44170,Bibliothèque  de Tréffieux,2 Place Saint-Grégoire 44170 Treffieux,240874159,http://www.cc-nozay-bibliotheques.fr/index/index/id_profil/1,,,,tarif -20ans gratuit tarif +20ans:7.00€ tarif+20 hors du CCRN:10 €,,,,,
44170,,18 Rue Saint-Martin 44170 Marsac-sur-Don,,,,,,wifi gratuite,,,1 postes informatiques internet et outils bureautiques,,
44170,Bibliothèque d'Abbaretz,8 Rue des écoles 44170 Abbaretz,240872184,http://www.cc-nozay-bibliotheques.fr/index/index/id_profil/1,,,,Tarif -20 ans : gratuit. Tarif + 20 ans : 7.00€. Tarif + 20 ans hors Communauté de Communes de la Région de Nozay :10.00 €,,,,,
44190,Caisse d'Allocations Familiales Clisson,2 Rue du Docteur Doussin 44190 Clisson,240540212,http://www.caf.fr/allocataires/caf-de-loire-atlantique/actualites,,,Relais CAF de Clisson,Gratuit,,,,,
44190,,1 Route de Saint-Fiacre 44190 Gorges,,,,,L'association a pour objet de fédérer une communauté de travailleurs indépendants au sein de l'agglomération Clisson Sèvres et Maine avec 3 objectifs:,Gratuit,,,,,
44190,,Esplanade de Klettgau 44190 Clisson,,https://gullivigne.org,Association d'utilisateurs de logiciels libres Atelier débutants bureautique,,,,,,,,
44190,,4 Rue des Châtaigniers 44190 Clisson,,,,,Recyclerie,Gratuit,,,,,
44190,Médiathèque Geneviève Couteaux,1 Place Saint-Jacques 44190 Clisson,,https://mediatheque-clisson.net,,,Espace de lecture et documentation offrant un service numérique,,,,,,
44190,,3 Place Maurice Renoul 44190 Gorges,,,,,,,,Espace documentaire et point d'accès numérique.,,,
44190,Pôle Emploi Clisson,7 Allée du Chantre 44190 Clisson,,,,,création d'un espace personnel Pôle Emploi  aide rédaction de CV et lettre motivation,gratuit,,,,,
44200,,10 Rue René Viviani 44200 Nantes,,,,,,,,,,,
44200,ACCOORD Cyber Espace de Nantes,2 Rue Conan Mériadec 44200 Nantes,,,,,,,,,,,
44210,CCAS Pornic,1 Rue Jean Sarment 44210 Pornic,240829700,,,,,gratuit,,,,,
44210,Cybercentre de Pornic -Médiathèque,35 Rue Tartifume 44210 Pornic,,,,,,,,,,,
44210,Cybercentre Pornic,35 Rue Tartifume 44210 Pornic,,http://www.mediatheque-pornic.fr/,,,, il faut être abonné à la médiathèque et rêgler sur place si ateliers payants.,,,,,
44210,,1 BIS Rue Jean Sarment 44210 Pornic,,,,,Permanence CAF,,,,,,
44210,Centre Médico-Social,35 Rue de la Dette 44210 Pornic,240822030,,,,,gratuit,,,,,
44210,Pôlle Emploi,62 Boulevard de Linz 44210 Pornic,,https://www.pole-emploi.fr/,,,,,,,,,
44230,Centre Socioculturel de l'Allée Verte,1 Rue de l'Allée Verte 44230 Saint-Sébastien-sur-Loire,,,,,,,,,,,
44240,Médiathèque et ludothèque,Rue René Goscinny 44240 La Chapelle-sur-Erdre,,,,,,,,,,,
44240,Médiathèque Sucé-Sur-Erdre,101 Rue de la Mairie 44240 Sucé-sur-Erdre,240779521,http://www.bibliotheques.cceg.fr/index/index/id_profil/1,,,,-Gratuit pour les nouveaux Sucéens-Famille Sucéenne 10€ -Famille non Sucéenne 20€ Touriste (individuel) 5€,,,,,
44250,Guichet Unique Emploi St-Brévin-les-Pins,6 Avenue Jules Ferry 44250 Saint-Brevin-les-Pins,240393701,http://saint-brevin.fr/mairie/guichet-unique-emploi.html,,,,gratuit,,,,,
44250,Centre Médico-Social,8 Rue de la Résistance 44250 Saint-Brevin-les-Pins,240272585,,,,,gratuit,,,,,
44250,Médiathèque Espace Jules Verne,30 Avenue Jules Verne 44250 Saint-Brevin-les-Pins,,,,,,accès gratuit / impression A4 0,,,,,
44260,Médiathèque de Malville,8 Place de l'église 44260 Malville,47360577,,,,,Accès imprimante payante,,,,,
44260,Médiathèque de Bouée,8 Place de l'église 44260 Bouée,240549787,http://www.mediatheques.estuaire-sillon.fr/bouee,Médiathèque intercommunale d'Estuaire et Sillon,,,gratuit,,,,,
44260,Médiathèque de Lavau-sur-Loire,1 BIS Rue de la Mairie 44260 Lavau-sur-Loire,240040876,http://mediatheques.estuaire-sillon.fr/lavausurloire,,,,gratuit,,,,,
44260,Médiathèque de la Chapelle-Launay,1 Rue du Sacré-Coeur 44260 La Chapelle-Launay,,http://www.lachapellelaunay.eu/-Bibliotheque-du-Moulin,,,,gratuit,,,,,
44260,Relais CAF,3 Rue des Mésanges 44260 Savenay,0 810 25 44 10,https://www.loire-atlantique.fr/jcms/classement-des-contenus/lieux/lieux-d-info-habitat-logement/par-public/tout-public/caf-permanence-de-savenay-fr-p2_638500,,,,gratuit,,,,,
44260,Bouillon de Cultures Malville,8 Place de l'église 44260 Malville,,http://www.bouillondecultures44.fr,,,,60€ par an,,,,,
44260,Médiathèque de Savenay,Place de l'Hôtel de Ville 44260 Savenay,240569695,http://www.mediatheques.estuaire-sillon.fr/savenay,,,,gratuit,,,,,
44260,Médiathèque de Prinquiau,16 Rue de l'église 44260 Prinquiau,228017672,http://www.mediatheques.estuaire-sillon.fr/prinquiau,,,,gratuit,,,,,
44270,Mairie Machecoul,5 Place de l'Auditoire (Machecoul) 44270 Machecoul-Saint-Mème,240023550,http://www.machecoul-saint-meme.fr/,,,Le point numérique CAF se situe dans le hall d'accueil de la mairie,Gratuit,,,,,
44270,Pôle Emploi Machecoul,19 Rue Marcel Brunelière (Machecoul) 44270 Machecoul-Saint-Mème,3949,https://www.pole-emploi.fr/accueil/,,,,gratuit,,,,,
44270,Bibliothèque de Machecoul Saint-Meme La Virgule,7 Rue des Bouchers (Machecoul) 44270 Machecoul-Saint-Mème,240314761,,La cyber-base est au sein de la biblioth?Îque de Machecoul,ateliers payants : 3?é¼/atelier pour les machecoulais / 4?é¼/atelier pour les communes ext??rieures,,,,,,,
44270,Centre Médico-Social,Boulevard des Prises (Machecoul) 44270 Machecoul-Saint-Mème,240785138,,,,,Gratuit,,,,,
44270,CPAM Machecoul,16 Rue Alexandre Riou (Machecoul) 44270 Machecoul-Saint-Mème,,,,,,,,,,,
44290,Bibliothèque de Masserac,1 Rue Saint-Benoit 44290 Massérac,240793512,http://mediatheques.redon-agglomeration.bzh/index.php?option=com_content&view=article&id=490:masserac&catid=14:vos-mediatheques&Itemid=33,,,Espace de lecture et d'accès numérique.,Gratuit,,,,,
44290,Médiathèque Marcelle Maurette,5 Rue Saint-Jean 44290 Guémené-Penfao,47.627881,,,,,14€ annuel / gratuit : -18 ans,,bénéficiaires minima sociaux et demandeurs d'emploi,,,
44290,Point d'accueil CPAM Guémené-Penfao,2 Rue de Besle 44290 Guémené-Penfao,3646,https://www.ameli.fr,,,,gratuit,,,,,
44290,Bibliothèque de Conquereuil,Place de l'église 44290 Conquereuil,240876502,http://mediatheques.redon-agglomeration.bzh/index.php?option=com_content&view=article&id=46:conquereuil&catid=14:vos-mediatheques&Itemid=72,,,,gratuit,,,,,
44300,,1 Rue Eugène Thomas 44300 Nantes,,,,,démarches administratives,,,,,,
44300,,81 Rue des Renards 44300 Nantes,,,,,Réaliser CV et lettres de motivations,,,,,,
44300,,6 Rue Samuel de Champlain 44300 Nantes,,,L'ACMNN propose diférents services au niveau des démarches numériques ,,,,,,,,
44300,,56 Route de la Chapelle-Sur-Erdre 44300 Nantes,,,,,,,,,,,
44300,,3 Rue Eugène Thomas 44300 Nantes,,,,,,,,Le Centre Socioculturel du Bout des pavés reçoit  dans l’espace numérique dédié aux jeunes.,,,
44300,,50 Boulevard Albert Einstein 44300 Nantes,,https://www.pole-emploi.fr/accueil/,,,Propose des formation et accompagne les personnes individuellement sur rendez-vous,,,Parents et enfants,,,
44300,L'EclectiC,3 Rue Eugène Thomas 44300 Nantes,,,,,,,,,,,
44300,Maison de l'emploi Espace Nord,81 Rue des Renards 44300 Nantes,,,,,,,,,,,
44300,Maison de l'emploi Est,9 Rue Augustin Fresnel 44300 Nantes,,,,,,,,,,,
44300,,3 Rue Eugène Thomas 44300 Nantes,,,,,Le bénévole (écrivain public) aide à toute sorte de démarches administratives rédactions de courriers,,,,,,
44300,,60 Rue de la Bottière 44300 Nantes,,,,,Permanences numériques dans divers lieux sur Nantes; notamment à la Médiathèque Luce Courville et au Pôle associatif des Renards; afin d'aider le public à se familiariser avec l'outil informatique et les logiciels libres.,,,,,,
44310,Point Numérique CAF St-Philibert-de-Gd-Lieu,24 Rue de l'Hôtel de Ville 44310 Saint-Philbert-de-Grand-Lieu,240789972,http://www.stphilbert.fr/,,,,,,,,,
44310,Espace Jean de la Fontaine,10 Rue Charles de Gaulle 44310 La Limouzinière,240058282,https://www.mairie-la-limouziniere.com/culture-et-loisirs/espace-jean-de-la-fontaine/,,,,13€ /famille/an,,,,,
44310,Cybercentre de Saint-Philbert-de-Grandlieu - ERN,12 Rue de l'Abreuvoir 44310 Saint-Philbert-de-Grand-Lieu,,,,,,,,,,,
44310,Cybercentre St-Philibert-de-Gd-Lieu,12 Rue de l'Abreuvoir 44310 Saint-Philbert-de-Grand-Lieu,240780679,http://www.stphilbert.fr/,,,,10€/an : +18 ans / gratuit : -18 ans/demandeurs d'emploi,,,,,
44320,Médiathèque - au bonheur des mots,7 Allée du Théâtre 44320 Chauvé,240643734,http://www.chauve.fr/la.mediatheque-municipale-au-bonheur-des-mots/,,,,,,,,,
44330,Médiathèque Mille et une pages,16 Rue émile Gabory 44330 Vallet,24039184,bibliotheques.cc-vallet.fr,,,,gratuit,,,,,
44330,Cybercentre de la Communauté de Communes de Vallet,1 BIS Place Charles de Gaulle 44330 Vallet,,,,,,,,,,,
44340,,33 Avenue du Général de Gaulle 44340 Bouguenais,,,,,,,,,,,
44350,,2 Avenue Anne de Bretagne 44350 Guérande,,,,,,,,,,,
44350,Relais CAF,1 Impasse Anne de Bretagne 44350 Guérande,08 10 25 44 10,https://www.loire-atlantique.fr/jcms/classement-des-contenus/par-territoire/communaute-d-agglomeration-cap-atlantique/caf-relais-de-la-presqu-ile-guerandaise-fr-p2_638493,,,,gratuit,,,,,
44350,CYBERCENTRE,22 Faubourg Saint-Michel 44350 Guérande,,,,,,,,,,,
44350,,2 Avenue Anne de Bretagne 44350 Guérande,,,,,,,,,,,
44350,Mission locale de la Presque île Guérandaise,2 Rue Louis léon 44350 Guérande,240429676,http://mlpresquileguerandaise.com,,,,gratuit,,,,,
44360,Médiathèque Jacques Fairand,2 Avenue des Quatre Vents 44360 Cordemais,240578220,http://www.bmcordemais.cassioweb.com,,,,gratuit,,,,,
44360,Club informatique Micromédia,2 Avenue des Quatre Vents 44360 Cordemais,,,,,Un club informatique qui donne des cours collectifs ou individuels,50€ pour le reste du public,,,,,
44360,Bibliothèque de Saint-Etienne de Montluc,3 Rue de la Paix 44360 Saint-étienne-de-Montluc,02 40 86 97 35,bibliotheque.st-etienne-montluc.net,,,,Commune: 7€30 par an ( + 18 ans) Hors commune: 13€40 (+ 18 ans),,,,,
44370,Bibliothèque L'école buissonnière,Square des Mésanges (Varades) 44370 Loireauxence,240983389,http://bibliofil.pays-ancenis.fr/,,,Accès à un point numérique.,gratuit,,,,,
44370,Pôle Santé Social de Loire Auxence,182 Rue du Mal Foch (Varades) 44370 Loireauxence,240986394,http://www.loireauxence.fr/,,,Vous trouverez ici de l'aide et de l'accompagnement dans vos démarches administratives.,Gratuit,,,,,
44380,Médiathèque Jacques Lambert,Avenue de la Mer 44380 Pornichet,251732222,mediatheque.ville-pornichet.com,,,,Gratuit,,,,,
44380,CCAS Pornichet,115 Avenue du Général de Gaulle 44380 Pornichet,240115538,,,,,gratuit,,,,,
44390,Bibliothèque de Saffré,Avenue du Château 44390 Saffré,251815662,http://www.cc-nozay-bibliotheques.fr/index/index/id_profil/1,,,,Tarif: -20ans gratuit +20ans:7€  +20ans et hors CCRN : 10€,,,,,
44390,Bibliothèque  de Puceul,1 Route des Gremets 44390 Puceul,02 40 79 28 12,http://www.cc-nozay-bibliotheques.fr/index/index/id_profil/1,,tarif -20ans :gratuittarif+20ans:7?é¼ et 10?é¼habitant hors du CCRN,,,,,,,
44390,,2 BIS Place du Champ de Foire 44390 Nort-sur-Erdre,,,,,,,,,,,
44390,Médiathèque Nort-sur-Erdre,35 Rue du Général Leclerc 44390 Nort-sur-Erdre,02 40 29 51 90,https://www.biblioth?Îques.cceg.fr,,,Espace de lecture et d'animation comprenant un point d'accès numérique.,gratuit,,,,,
44400,Centre Information Jeunesse de Rezé,19 Avenue de la Vendée 44400 Rezé,,,,,,,,,,,
44400,Maison de l'emploi Rezé Pont Rousseau,8 Rue Jean Baptiste Vigier 44400 Rezé,,,,,,,,,,,
44400,,17 Chemin Fontaine Launay 44400 Rezé,,,,,Collecte et vente d'ordinateurs reconditionnés sous Linux,gratuit,,,,,
44410,Bibliothèque Le Pré aux Livres,14 Rue de la Fontaine 44410 Assérac,240017286,www.asserac.fr,,,,Gratuit,,,,,
44410,Mairie Point Emploi,1 Avenue de la Monneraye 44410 Herbignac,240889001,http://www.herbignac.com/?-Orientation-et-Emploi-,,,,gratuit,,,,,
44410,Centre Communal d'Action Sociale (CCAS) d'Herbignac,1 Avenue de la Monneraye 44410 Herbignac,02 40 88 86 94,,,,,,,,,,
44410,MSAP,2 Rue de la Brière 44410 Saint-Lyphard,,,,,,,,,,,
44410,,24 Rue Pasteur 44410 Herbignac,,,,,,,,,,,
44410,Relais CAF,2 Rue de la Brière 44410 Saint-Lyphard,,https://www.maisondeservicesaupublic.fr/content/saint-lyphard-bureau-de-poste,,,,gratuit,,,,,
44410,Relaie CAF,1 Avenue de la Monneraye 44410 Herbignac,02 40 88 90 01,http://www.herbignac.com/?Point-d-accueil-numerique-CAF-en,,,,gratuit,,,,,
44410,Maison de services au public (bureau de poste) Saint-Lyphard,2 Rue de la Brière 44410 Saint-Lyphard,47.397863,,,,,gratuit,,,,,
44410,Espace Culturel Fran?¯ois Mitterrand,3 Rue de la Fontaine Saint-Jean 44410 Herbignac,251769040,http://www.herbignac.com/?-espace-culturel-,,,,gratuit,,,,,
44410,CCAS,16 Rue de la Brière 44410 La Chapelle-des-Marais,240539798,http://www.lachapelledesmarais.fr/action-sociale/le-c-c-a-,Centre Communal d'Action Sociale,,,gratuit,,,,,
44410,Médiathèque Gaston Leroux,Rue de Penlys 44410 La Chapelle-des-Marais,240424200,http://mediatheque.gastonleroux.opac3d.fr,,,,gratuit,,,,,
44420,Office de Tourisme,Place de l'Orée du Bois 44420 Mesquer,970210889,http://www.mesquerquimiac.com/office-de-tourisme,,,,gratuit,,,,,
44420,Bibliotheque Anita Conti,Place du Marche 44420 La Turballe,,www.laturballe.fr/info/bibliotheque_anita_conti,,,,,,,,,
44420,Association des Demandeurs d'Emploi du Pays Blanc,Place du Marche 44420 La Turballe,,,,,,,,,,,
44420,Complexe sportif et Culturel de la Vigne ,Rue de Kercabellec 44420 Mesquer,,,,,,gratuit,,,Wifi,,
44430,Comme un roman,2 BIS Rue Saint-Vincent 44430 Le Landreau,,http://bibliotheque.le-landreau.fr/vufind/,Espace de lecture et de documentation et bénéficiant d'un équipement numérique,,, ateliers de sensibilisation sur le num??rique,,ouvert à tous ,,,
44430,Les Quatres Vents,4 Rue du Jeu de Paume 44430 Le Loroux-Bottereau,240338276,https://www.mediatheque-loroux-bottereau.net,,,Espace de lecture et de documentation ayant un service numérique,gratuit,,,,,
44440,Bibliotheque L'orange bleue,Rue des Chênes 44440 Riaillé,240978592,http://bibliofil.pays-ancenis.fr/,,,Accès à un point numérique.,gratuit,,,,,
44440,Maison des Services au Public du secteur de Riaillé,182 Rue du Cèdre 44440 Riaillé,240973523,https://www.sivom-secteur-riaille.com/,,,Accompagnement dans vos démarches administratives en ligne.,gratuit,,,,,
44440,Maison de Services au Public SIVOM du canton de Riaillé,182 Rue du Cèdre 44440 Riaillé,,,,,,,,,,,
44440,La Maison de services au public du SIVOM de Riaillé (Joué sur Erdre,182 Rue du Cèdre 44440 Riaillé,,,,,,,,,,,
44450,Le Passe Muraille,5 Rue des Heurthauds 44450 Saint-Julien-de-Concelles,240365000,https://www.mediatheque-le-passe-muraille.fr,,,Espace de lecture et de documentation ayant un service num??rique.,gratuit,,,,,
44450,Centre socio-culturel loire divatte,2 Route Félix Praud 44450 Saint-Julien-de-Concelles,240368776,http://assoloiredivatte.centres-sociaux.fr/,,,,,,,,,
44450,Médiathèque Divatte-sur-Loire,LE CALVAIRE (Barbechat) 44450 Divatte-sur-Loire,02 40 33 37 93,http://www.mediatheque-divatte-sur-loire.fr/,,,,gratuit,,,,,
44460,Médiathèque Saint Nicolas de Redon,2 Rue de Tabago 44460 Saint-Nicolas-de-Redon,47.644166, bénéficiaires minima sociaux et demandeurs d'emploi,,,Espace de lecture et d'animation comprenant un point d'accès numérique.,14€ annuel / gratuit : -18 ans,,,,,
44460,Médiathèque  d'Avessac,Rue de Plessé 44460 Avessac,47.652412,,,,Espace de lecture et d'animation ponctuelle possédant un espace d'accès numérique.,14€ annuel / gratuit : -18 ans,,bénéficiaires minima sociaux et demandeurs d'emploi,,,
44480,Médiathèque Jules Verne,13 Rue René Laennec 44480 Donges,240910131,http://mediatheque.ville-donges.fr,,,,Gratuit,,,,,
44490,CCAS Le Croisic,3 Rue de la Duchesse Anne 44490 Le Croisic,228567900,https://www.loire-atlantique.fr/jcms/classement-des-contenus/lieux/par-types-de-lieu/service/centres-communaux-d-action-sociale-ccas/centre-communal-d-action-sociale-ccas-du-croisic-fr-t1_36195,,,,Gratuit,,,,,
44490,Office de Tourisme,6 Rue du Pilori 44490 Le Croisic,240230070,http:/www.tourisme-lecroisic.fr/fr,,,,gratuit,,,,,
44500,Pôle emploi,3 BIS Avenue des Noelles 44500 La Baule-Escoublac,972723949,https://www.pole-emploi.fr/annuaire/la-baule-guerande-44016,,,,Gratuit,,,,,
44500,Office de Tourisme La Baule,8 Place de la Victoire 44500 La Baule-Escoublac,240243444,http://www.labaule-guerande.com,,,,Gratuit,,,,,
44500,Médiathèque  Henri Queffelec,181 Avenue du Maréchal de Lattre de Tassigny 44500 La Baule-Escoublac,240241881,http://www.labaule.fr/bibliotheque-henri-queffelec,,,,gratuit,,,,,
44510,Espace jeunes du Pouliguen,4 Rue Paul Lesage 44510 Le Pouliguen,615209605,https://www.annuaire-administration.com/cij/point-information-jeunesse-du-pouliguen-cij-44135-01.html,,,,cotisation annuelle : 15€ pour les habitants / 20€ hors-commune,,Espace jeunes à destination des 16-25 ans. Accès libre.,,,
44520,Blibliothèque Issé,2 Rue du Chêne Piraud 44520 Issé,240551756,http://www.cc-castelbriantais.fr/reseau-des-bibliotheques,,,Lieu de lecture et d’activités,Gratuit,,,,,
44520,Bibliothèque La Meilleraye-de-Bretagne,72 Rue des Frères Temple 44520 La Meilleraye-de-Bretagne,228504478,http://www.cc-castelbriantais.fr/reseau-des-bibliotheques,Lieu de lecture et d'activités.,,,gratuit,,,,,
44521,Bibliothèque La Forge aux livres,Rue Saint-Jéréme 44521 Couffé,240963728,http://bibliofil.pays-ancenis.fr/,,,Il s’agit d’une bibliothèque. Vous pouvez venir lire sur place ou emprunter des documents. Vous avez également un accès à un point numérique.,Gratuit,,,,,
44521,Bibliothèque Moisdon-la-rivière,Place de l'église 44520 Moisdon-la-Rivi?Îre,02 40 07 59 88,http://www.cc-castelbriantais.fr/reseau-des-bibliotheques,,,Lieu de lecture et d'activités.,gratuit,,,,,
44522,Bibliothèque Les Milles et Une Pages,Boulevard des Arts/Rue des Arts 44522 Mésanger,240968687,http://bibliofil.pays-ancenis.fr/,,,Accès à un point numérique.,gratuit,,,,,
44530,Mission locale Saint-Gildas-des-bois,17 Rue des Forges 44530 Saint-Gildas-des-Bois,240015584,http://www.cc-paysdepontchateau.fr/contacts/mission-locale-rurale-du-sillon,,,,Gratuit,,,,,
44530,Relais CAF,4 Rue de la Roche Buttée 44530 Guenrouet,,https://www.maisondeservicesaupublic.fr/content/guenrouet-bureau-de-poste,,,,Gratuit,,,,,
44530,Médiathèque de Guenrouèt,12 Rue André Caux 44530 Guenrouet,240878006,http://www.guenrouet.fr/la-bibliotheque-intercommunale,,,,Gratuit,,,,,
44530,Médiathèque de Drefféac,1 Rue des Saules 44530 Drefféac,240176054,www.cc-paysdepontchateau.fr/contacts/bibliotheque-de-dreffeac-2,,,,gratuit,,,,,
44530,Maison de service au public,Rue de la Roche Buttée 44530 Guenrouet,,,,,,gratuit,,,,,
44530,Bibliothèque  de Saint Gildas des Bois,17 Rue des Forges 44530 Saint-Gildas-des-Bois,02 40 66 74 64,paysdepontchateau.fr/contacts/bibliotheque-de-st-gildas-des-bois,,,,gratuit,,,,,
44530,Médiathèque de Sévérac,2 Rue de la Gagnerie 44530 Sévérac,240887323,http://www.cc-paysdepontchateau.fr/contacts/bibliotheque-de-severac-2/,,,,Abonnement 11€ par an,,,,,
44530,MSAP,4 Rue de la Roche Buttée 44530 Guenrouet,,,,,,,,,,,
44540,Bibliotheque Les mots passants,18 Avenue Charles Henri de Cosse Brissac (Saint-Mars-la-Jaille) 44540 Vallons-de-l'Erdre,240973726,http://bibliofil.pays-ancenis.fr/,,,Accès à un point numérique.,gratuit,,,,,
44550,Médiathèque Colette,Rue Jean Macé 44550 Saint-Malo-de-Guersac,240911021,http://mediatheque-colette.opac3d.fr/search.php?action=Accueil,,,,gratuit,,,,,
44550,START'AIR Jeunes,3 Rue Pablo Neruda 44550 Montoir-de-Bretagne,240451192,http://www.startair.fr/montoir-de-bretagne,,,,gratuit,,,,,
44550,Médiathèque  municipale Barbara,7 Rue de Berry 44550 Montoir-de-Bretagne,240701151,http://www.mediatheque-montoir.fr,,,,gratuit,,,,,
44550,CCAS Montoir-de Bretagne,65 Rue Jean Jaurès 44550 Montoir-de-Bretagne,240454508,http://www.montoirdebretagne.fr/Vivre-ensemble/L-action-sociale,Centre Communale d'Action Sociale,,,gratuit,,,,,
44550,Start'Air Jeunes Saint-Malo-de-Guersac,52 Rue Aristide Briand 44550 Saint-Malo-de-Guersac,240539612,http://www.startair.fr/saint-malo-de-guersac,,,,Habitant de Saint-Malo-de-Guersac : 7€ par an,,,,,
44560,Espace ACCES CYB,33 Boulevard Dumesnildot 44560 Paimboeuf,,,,,,,,,,,
44570,Médiathèque  Municipale de Trignac,Rue Émile Combes 44570 Trignac,240903266,http://www.mairie-trignac.fr/contacts/mediatheque-municipale,,,,gratuit,,,,,
44570,Cybercentre Trignac,9 Rue Jean Jaurès 44570 Trignac,,,,, Cours Collectif et des Formation,12€ l'atelier + 8 € cotisation ATLC,,,Vidéoprojecteur,,
44570,Pôle emploi,7 Avenue Barbara 44570 Trignac,09 72 72 39 49,https://www.pole-emploi.fr/annuaire/trignac-44194,,,,gratuit,,,,,
44570,Start'Air Jeunes,Allée des Prunus 44570 Trignac,,,,,,,,,,,
44570,cybercentre reseau cyber-base-trignac,9 Rue Jean Jaurès 44570 Trignac,+33 2 40 00 65 28,http://cybercentre-trignac/,,,,,,,,,
44580,MSAP,15 Rue de la Taillée (Bourgneuf-en-Retz) 44580 Villeneuve-en-Retz,,,,,,,,,,,
44590,,17 Rue de la Mairie 44590 Saint-Vincent-des-Landes,,,,,,Gratuit,,,,,
44590,Maison de l'emploi Derval,14 Rue de la Garlais 44590 Derval,240818226,http://www.mde-chateaubriant-derval.fr/site-de-derval/,,,,Gratuit,,,,,
44590,,1 Rue de la Gare 44590 Lusanger,,http://www.biblios-ccsd.net/,,,1 postes informatiques internet et outils bureautiques (excel,,,,,,
44590,Médiathèque de Mouais,3 Place de l'église 44590 Mouais,240076734,http://www.biblios-ccsd.net/,,,,,,,,,
44590,,1 Place du Breil 44590 Sion-les-Mines,,,,,,,,,,,
44590,Médiathèque de de Derval,15 Rue de la Tour Saint-Clair 44590 Derval,240280396,http://www.biblios-ccsd.net,,,,gratuit,,,,,
44590,Axetic,45 Rue de Châteaubriant 44590 Sion-les-Mines,,,,,création de site web,,,,,,
44590,Cyber-base emploi,14 Rue de la Garlais 44590 Derval, 02 40 07 25 81,http://derval.cyber-base.org/,Communauté de communes du secteur de Derval,mailto:cybercentre@cc-derval.fr,Thématiques d'atelier: Animations jeunesseAudio/photo/vidéoBureautiqueInformations parentsInformatiqueInternetRecherche d’emploi,Profil(s): Enfants Jeunes Etudiants Adultes Parents Seniors Demandeurs d’emploi Tarifs: Un abonnement annuel est nécessaire pour profiter des activités de l’espace avec une distinction géographique selon la résidence sur le territoire de la Communauté de ,,Tout public,Matériel: Imprimante couleur,,
44590,,15 Rue de la Tour Saint-Clair 44590 Derval,,,,,,,,,,,
44600,Ecole d'Arts - Ateliers numériques,24 Avenue Léon Blum 44600 Saint-Nazaire,47272408,,,,Création numérique Utilisation de logiciel payant (photoshop) ,Ateliers: 30€ pour les habitants20€  pour les -25ans 60€ hors-commune 40€ pour -25ans hors-communeaccès à l'ordinateur et libre et gratuit,,,imprimante 3D,,
44600,Médiathèque Anne-Frank,51 Boulevard émile Broodcoorens 44600 Saint-Nazaire,,,,, Ateliers numériques  Jeux-vidéos ,Gratuit,,,,,
44600,Espace civique Jacques Dubé,1 BIS Rue des Ajoncs 44600 Saint-Nazaire,228559973,,,,,Gratuit,,,,,
44600,Espace Multimédia Léo Lagrange,1 BIS Rue des Ajoncs 44600 Saint-Nazaire,47267608,,, ANTS,,Gratuit pour les Nazairiens Payant hors commune : 15€,,,,,
44600,Maison de quartier La Bouletterie,29 Rue des Frènes 44600 Saint-Nazaire,240703522,http://www.fmq-saintnazaire.fr/bienvenue/index.php/les-maisons-de-quartier/la-bouletterie,,,,gratuit,,,,,
44600,Pôle emploi,10 Boulevard de l'Université 44600 Saint-Nazaire,09 72 72 39 49,https://www.pole-emploi.fr/annuaire/st-nazaire-44021,,,,gratuit,,,,,
44600,Maison de quartier de l'Immaculée- Beauregard,Route du Point du Jour 44600 Saint-Nazaire,,http:// www.fmq-saintnazaire.fr/bienvenue/index.php/les-maisons-de-quartier/immaculee-beauregardr,,,, sur Rendez-vous.,,,,,
44600,Maison de quartier de Méan- Penhoë,1 Rue Émile Combes 44600 Saint-Nazaire,240660450,http:// www.fmq-saintnazaire.fr/bienvenue/index.php/les-maisons-de-quartier/mean-penhoet,,gratuit,,,,,,,
44600,Médiathèque  Etienne Caux,6 Rue Auguste Baptiste Léchöet 44600 Saint-Nazaire,,http://www.mediatheque.mairie-saintnazaire.fr,,,Accompagnement individuel (sur rendez-vous),,,,,,
44600,Maison de quartier La Chesnaie,1 BIS Rue des Ajoncs 44600 Saint-Nazaire,228559990,http://www.fmq-saintnazaire.fr/bienvenue/index.php/les-maisons-de-quartier/la-chesnaie,,,,gratuit,,,,,
44600,,48 Rue Edgar Degas 44600 Saint-Nazaire,,,,,Des ateliers collectifs.,gratuit,,,,,
44600,C.C.A.S Centre Communal Action Sociale,37 Rue Pierre Mendès France 44600 Saint-Nazaire,240171999,https://www.loire-atlantique.fr/jcms/classement-des-contenus/par-territoire/communaute-d-agglomeration-de-la-region-nazairienne-et-de-l-estuaire/centre-communal-d-action-sociale-ccas-de-saint-nazaire-fr-t1_35938,,,,Gratuit,,,,,
44600,Maison de quartier d'Avalix,3 Rue du Docteur Albert Calmette 44600 Saint-Nazaire,,,,,,adultes : 7€ enfants et jeunes jusqu'à 25 ans : 4€ familles : 11€ associations : 30€,,, 5 ordinateur,,
44600,Relais CAF,2 Place Pierre Semard 44600 Saint-Nazaire,0 810 25 44 10,https://www.loire-atlantique.fr/jcms/classement-des-contenus/par-territoire/communaute-d-agglomeration-de-la-region-nazairienne-et-de-l-estuaire/caf-antenne-de-saint-nazaire-fr-p1_638486,,,,gratuit,,,,,
44600,Mission Locale de l'Agglomération Nazairienne,215 Boulevard du Docteur René Laennec 44600 Saint-Nazaire,240225030,https://www.facebook.com/missionlocaleagglomerationnazairienne,,,,gratuit,,,,,
44600,Maison de quartier Kerl??d??,70 Rue Ferdinand Buisson 44600 Saint-Nazaire,240535000,http:// www.fmq-saintnazaire.fr/bienvenue/index.php/les-maisons-de-quartier/kerlede,,,,gratuit,,,,,
44600,,46 Rue d'Anjou 44600 Saint-Nazaire,,,,,Un lieu d'accompagnement de projet mais aussi d'information,Abonnement 2€ par an,,,,,
44600,MSAP,10 Rue du Sous Préfet Barre 49600 Beaupréau-en-Mauges,,,,,,,,,,,
44600,Centre Information Jeunesse,25 Boulevard Victor Hugo 44600 Saint-Nazaire,,,,,,,,,,,
44600,Ecole municipale d' arts plastiques,24 Avenue Léon Blum 44600 Saint-Nazaire,,,,,,,,,,,
44610,MAIRIE D'INDRE,Avenue de la Loire 44610 Indre,+33 2 40 85 45 88,http://www.indre44.fr/,,,,,,,,,
44610,Le Tiers Lieu - ERN,2 Rue du Stade 44610 Indre,,,,,,,,,,,
44630,Médiathèque du Plessé,3 Espace des 3 Lieux 44630 Plessé,,,,,,14€ annuel / gratuit : -18 ans,,bénéficiaires minima sociaux et demandeurs d'emploi,,,
44650,Bibliothèque de Legé,37 Rue de la Chaussée 44650 Legé,228216220,http://bibliotheque-lege.opac3d.fr/search.php?action=Accueil,,,,gratuit,,,,,
44650,Bibliothèque de Corcoué-sur-Logne,5 Place du Marche 44650 Corcoué-sur-Logne,240058728,http://laplaceauxlivres.opac3d.fr,,,,gratuit,,,,,
44660,Bibliotheque de Rougé,1 Rue du Vieux Rouge 44660 Rougé,,http://castelbriantais.e-sezhame.fr/node/content/nid/14408,,,,Gratuite pour les résidents du territoire,,,,,
44660,Bibliotheque de Ruffigné,Rue des Jonquilles 44660 Ruffigné,02 28 04 02 71,http://castelbriantais.e-sezhame.fr/node/content/nid/14409,,,,,,,,,
44660,Bibliothèque de Fercé,9 Rue de la Mairie 44660 Fercé,240287553,https://castelbriantais.e-sezhame.fr/node/content/nid/14366,,,,,,,,,
44660,Bibliotheque de Soulvache,2 Rue de la Brutz 44660 Soulvache,240077615,http://www.cc-castelbriantais.fr/reseau-des-bibliotheques,,,,,,,,,
44670,Blibliothèque Saint-Julien-de-Vouvantes,39 Rue de la Libération 44670 Saint-Julien-de-Vouvantes,240072476,http://www.cc-castelbriantais.fr/reseau-des-bibliotheques,,,Lieu de lecture et d’activités,Gratuit,,,,,
44670,Relais Accueil Proximité Petit auverné,7 Rue Sophie Trébuchet 44670 Petit-Auverné,240555932,http://www.rap-relais-accueil-proximite.fr/,Accompagnement dans les d??marches administratives sur RDV. Stage de formation possible : 1 stage d?ÇÔinitiation et 1 stage de perfectionnement (selon les demandes des adh??rents).,adh??sion participative,,,,,,,
44670,Bibliothèque  Juigné-des-Moutiers,15 Chemin des écoliers 44670 Juigné-des-Moutiers,02 28 04 09 34,http://www.cc-castelbriantais.fr/reseau-des-bibliotheques,,,Lieu de lecture et d'activités.,gratuit,,,,,
44670,Bibliothèque La chapelle glain,Saint-René 44670 La Chapelle-Glain,240810333,http://www.cc-castelbriantais.fr/reseau-des-bibliotheques,,,Lieu de lecture et d'activités.,gratuit,,,,,
44670,Bibliothèque Petit auverné,7 Rue Sophie Trébuchet 44670 Petit-Auverné,02 40 07 79 76,http://www.cc-castelbriantais.fr/reseau-des-bibliotheques,,,Lieu de lecture et d'activités.,gratuit,,,,,
44680,Bibliothèque A Livre Ouvert,32 Avenue de la Source 44680 Sainte-Pazanne,240026913,http://www.bibliotheque-sainte-pazanne.net/,,,,Consultations régulières + accès wifi : adhésion 8€/an  Ateliers : 5€/atelier ou 30€ le forfait annuel (CC Coeur Pays de Retz) - 10€/atelier (hors CC Coeur Pays de Retz),,gratuit : étudiants et demandeurs d'emploi ,,,
44680,Centre Médico-Social,11 Rue de l'Auditoire 44680 Sainte-Pazanne,228250980,,,,,Gratuit,,,,,
44680,Bibliothèque Les Mots Passants,3 BIS Rue de la Bonne Fontaine 44680 Saint-Hilaire-de-Chalôns,240317330,http://www.saint-hilaire-de-chaleons.fr/biliotheque-2/,,,,gratuit,,,,,
44680,Point Information Jeunesse de Sainte-Pazanne,1 Rue de Bazouin 44680 Sainte-Pazanne,240026863,http://www.animationjeunesse.coeurpaysderetz.fr,,,,gratuit,,,,,
44680,Mairie Sainte Pazanne,10 Rue de l'Hôtel de Ville 44680 Sainte-Pazanne,240024374,http://www.sainte-pazanne.fr/,,,,gratuit,,,,,
44680,Cybercentre du Pays de Retz,1 Rue de Bazouin 44680 Sainte-Pazanne,,,,,,,,,,,
44700,,2 Promenade de l'Europe 44700 Orvault,,,,,,,,,,,
44710,Anim'Action,27 Rue de Pornic 44710 Port-Saint-Père,240315318,http://www.animaction.asso.fr/,,,,Gratuit ou prix réduit,,,,,
44710,"Médiathèque Municipale ""Livres y Médias""",2 Rue de la Morinière 44710 Port-Saint-Père,240217827,https//www.saintpereenretz.fr/bouger/culture/mediatheque.html,,,,gratuit,,,,,
44720,Start'Air Jeunes Saint-Joachim,Ile de Brecun 44720 Saint-Joachim,,http://www.startair.fr/saint-joachim,,,,,,Habitant de Saint-Joachim,,,
44720,Bibliothèque Louise Michel,77 Rue Joliot Curie 44720 Saint-Joachim,240616922,http://stjoachim.opac3d.fr,,,,gratuit,,,,,
44730,Médiathèque Lettres de mon Moulin,22 BIS Rue du Redois 44730 Saint-Michel-Chef-Chef,240278630,http://www.stmichelchefchef.fr/mediatheque,,,,gratuit / impression gratuite jusqu'?¦ 5 documents,,,,,
44740,Médiathèque de Batz-sur-Mer,11 Rue de la Plage 44740 Batz-sur-Mer,240238951,http://www.mediatheque.batzsurmer.fr,,,,gratuit,,,,,
44750,Médiathèque de Quilly,Rue de la Mairie 44750 Quilly,970210889,http://www.mediatheques.estuaire-sillon.fr/quilly,,,,gratuit,,,,,
44750,Médiathèque de Campbon,Rue Saint-Victor 44750 Campbon,228018310,http://www.mediatheques.estuaire-sillon.fr/campbon,,,,gratuit,,,,,
44760,Bibliothèque municipale Raymond Devos,Rue des Lutins 44760 Les Moutiers-en-Retz,240827577,,,,,,,,,,
44780,Bibliothèque  de Missillac,4 Rue Fontaine Saint-Jean 44780 Missillac,240193231,http://www.cc-paysdepontchateau.fr/contacts/bibliotheque-de-missillac-2,,,,gratuit,,,,,
44800,Cybercentre de Saint-Herblain (La Harlière),Rue de Sancerre 44800 Saint-Herblain,,,,,,,,,,,
44800,Maison de l'emploi Saint Herblain Sillon,5 BIS Avenue de l'Angevinière 44800 Saint-Herblain,,,,,,,,,,,
44850,Bibliothèque Saint Exupery,40 Rue de Vieillevigne 44850 Ligné,251122611,http://bibliofil.pays-ancenis.fr/,,,Accès à un point numérique.,gratuit,,,,,
44850,Médiathèque Claire Brété cher,62 Rue de Bel-Air 44850 Le Cellier,240254482,http://bibliofil.pays-ancenis.fr/,,,Lieu de lecture et d'activités.,gratuit,,,,,
49000,Rue de la Bourrie (Machecoul) 44270 Machecoul-Saint-Mème,,,,,,,,,,,,
49000,Espace multimédia - Centre J. Tati,5 Rue Eugénie Mansion 49000 Angers,,,,,,,,,,,
49000,Cybercentre de la Roseraie,8 Square Dumont d'Urville 49000 Angers,,,,,,,,,,,
49080,,2 Place de l'Abbé Thomas 49080 Bouchemaine,,,,,,,,,,,
49100,Cybercentre Angers Nord Est,24 Cité du Daguenet 49100 Angers,,,,,,,,,,,
49100,Espace Multimédia La Claverie,Rue de Bourgogne 49100 Angers,,,,,,,,,,,
49100,AMBIANCES Multimedia,10 Rue Bodinier 49100 Angers,,,,,,,,,,,
49100,Association des Foyers Angevins de Jeunes Travailleurs,7 Rue de Haarlem 49100 Angers,,,,,,,,,,,
49112,Association Pellouaillaise Loisirs Animation-PIJ,21 Place de l'échanson (Pellouailles-les-Vignes) 49112 Verrières-en-Anjou,+33 2 41 76 19 15,,,,,,,,,,
49120,Association Centre social du chemillois,5 Rue de la Gabardière (Chemillé-Meslay) 49120 Chemillé-en-Anjou,241305055,,,,,,,,,,
49120,MSAP,5 Rue de la Gabardière (Chemillé-Melay) 49120 Chemillé-en-Anjou,,,,,,,,,,,
49120,,5 Rue de la Gabardière (Chemillé-Melay) 49120 Chemillé-en-Anjou,,,,,,,,,,,
49123,MSAP,6 Rue Michel (Ingrandes) 49123 Ingrandes-Le Fresne sur Loire,,,,,,,,,,,
49150,MSAP,15 Avenue Legoulz de la Boulaie 49150 Baugé-en-Anjou,,,,,,,,,,,
49150,,Square du Pont des Fées 49150 Baugé-en-Anjou,,,,,,,,,,,
49160,Place du Maréchal Leclerc 49160 Longué-Jumelles,Place du Maréchal Leclerc 49160 Longué-Jumelles,,,,,,,,,,,
49170,,5 Rue de Savennières 49170 Saint-Georges-sur-Loire,,,,,,,,,,,
49250,Point Cyb /Bibliothèque Mathu’Lu – SAINT MATHURIN SUR LOIRE,Passage des Grandes Bottes (Saint-Mathurin-sur-Loire) 49250 Loire-Authion,tel:+330241570976,http://www.loire-authion.fr/cybercentres-multimedia,Boris au 06 43 12 33 96Jean-Marie au 06 48 37 40 72,E-mail : vlan@aidal.fr,L’AIDAL engage une démarche d’animation numérique envers tous les publics; en insistant notamment sur la prévention des risques liés à Internet et sur l’éducation aux médias auprès des plus jeunes.,Tous publics,,Tous publics ,,,
49250,Syndicat mixte Loire-Authion,1 Boulevard du Rempart (Beaufort-en-Vallée) 49250 Beaufort-en-Anjou,,,,,,,,,,,
49250,Point Cyb LA MéNITRé,10 Place du Colonel Léon Faye 49250 La Ménitré,,,,,,,,,,,
49260,,139 Rue d'Anjou 49260 Montreuil-Bellay,,,,,,,,,,,
49260,Centre Social Déclic-PIJ,362 Rue du Général de Gaulle 49260 Montreuil-Bellay,,,,,,,,,,,
49270,,20 Rue Jfa Chenouard (Drain) 49270 Orée d'Anjou,02 40 98 26 76,https://fr-fr.facebook.com/Centre-socioculturel-Rives-de-Loire-501447309944512/,,,Accompagnement numérique sur les sites internet des partenaires signataires de la convention mais aussi pour certains des permanences physiques,,,,,,
49290,Train?¦,4 Rue des Poilus 49290 Chalonnes-sur-Loire,,,,,,,,,,,
49300,Centre social et socioculturel Horizon,4 Allée des Aigles 49300 Cholet,+33 2 41 65 13 88,,,,,,,,,,
49300,Espace Jeunesse / CIJ,Rue Saint-Bonaventure 49300 Cholet,,,,,,,,,,,
49300,Centre Social du Verger Point Cyb,Rue du Bois Régnier 49300 Cholet,,,,,,,,,,,
49310,Lys-Haut-Layon,10 Place Charles de Gaulle (Vihiers) 49310 Lys-Haut-Layon,,,,,,,,,,,
49310,VIHIERS - Centre socio-culturel le Coin de la Rue,2 Rue du Comte de Champagny (Vihiers) 49310 Lys-Haut-Layon,,,,,Orientation et vous information autour des démarches administratives,,,, scanner ou téléphone aux organismes partenaires,,
49320,EMILA de Vauchrétien,Rue Principale (Vauchrétien) 49320 Brissac Loire Aubance,,,,,,,,,,,
49320,EMILA de Brissac-Quincé / Réseau ERN,3 Rue du Marin (Brissac-Quincé) 49320 Brissac Loire Aubance,,,,,,,,,,,
49330, C.A.F.,2 Rue des Fontaines 49330 Châteauneuf-sur-Sarthe,,,,,,,,,  Photocopiur scanner...,,
49330,,Allée de la Passion Champigné 49330 Les Hauts d'Anjou,,,,,,,,,,,
49350,Cybercentre des Rosiers-sur-Loire,15 Rue du Mail (les rosiers-sur-loire) 49350 Gennes-Val-de-Loire,,,,,,,,,,,
49380,(Centre Socioculturel des Coteaux du Layon,Le Bourg (Thouarcé) 49380 Bellevigne-en-Layon,02 41 54 06 44,,,,,,,,,,
49390,Cybercentre de Mouliherne,Place des Anciens Combattants 49390 Vernantes,,,,,,,,,,,
49390,,Place de la Mairie 49390 Vernantes,,,,,,,,,,,
49400,SCOOPE,325 Rue Robert Amy 49400 Saumur,,,,,,,,,,,
49400,Cybercentre de la Région de Nozay,16 Route de Nort Sur Erdre 44170 Nozay,,,,,,,,,,,
49400,MJC SAUMUR,Place de Verdun 49400 Saumur,,,,,,,,,,,
49410,CYBERCENTRE - ERN ValMauges,ZI DE LA LANDE (Saint-Florent-le-Vieil) 49410 Mauges-sur-Loire,,,,,,,,,,,
49420,,4 Boulevard de la Prevalaye (Pouancé) 49420 Ombrée d'Anjou,,,,,,,,,,,
49430,,11 Rue Joseph Cugnot 49430 Durtal,,,,,remplissage d'un formulaire et prendre des rendez-vous auprès des divers services publics.,,,,,,
49440, CARSAT...) - utiliser une connexion internet pour les recherches d'emploi,1 Avenue Firmin Tortiger 49440 Candé,,,,,,,,, scanner...,,
49460,Espace Jeunesse-PIJ,10 Rue Lamartine 49460 Montreuil-Juigné,,,,,,,,,,,
49480,Espace jeunesse / PIJ,Avenue de la Francaiserie (Saint-Sylvain-d'Anjou) 49480 Verrières-en-Anjou,,,,,,,,,,,
49490,,1 Rue d'Anjou (Noyant) 49490 Noyant-Villages,,,,,,,,,,,
49500,Comité d' expansion du Segré,LA MAISON NEUVE (Aviré) 49500 Segré-en-Anjou Bleu,,,,,,,,,,,
49520,Cyber-base Maine 301,8 Rue Mazagran 72110 Bonnétable,,,,,,,,,,,
49520,EPIDE-Combrée,1 Rue Chevalier d'Avoynes (Combrée) 49520 Ombrée d'Anjou,02 41 94 94 14,https://www.epide.fr/a-propos-de-lepide/nos-centres/detail-centre/?centre=13&cHash=a1f93279683534976d958cf5aebb5452,Recrutement des “volontaires”         M. Marc Fivel-Demoret,,Accompagnement global reposant sur un cadre structurant; des équipes pluridisciplinaires et un suivi personnalisé dans l’objectif de construire ensemble leur projet professionnel. ,jeunes entre 18 et 25 ans; peu ou pas diplômés et sans travail ,,jeunes entre 18 et 25 ans,,,
49600,Cybercentre du Pays des Mauges (site de Beaupréau),La Loge (Beaupréau) 49600 Beaupréau-en-Mauges,,,,,,,,,,,
49610,EMILA de St-Melaine-sur-Aubance / Réseau ERN,5 Rue Armand Brousse 49610 Saint-Melaine-sur-Aubance,,,,,,,,,,,
49610,EMILA de Juigné-sur-Loire / Réseau ERN,7 Rue de Chambretault (Juigné-sur-Loire) 49610 Les Garennes sur Loire,,,,,,,,,,,
49610,ESPACE MULTIMEDIA JEAN CARMET,Rue Jean Thuleau 49610 Mûrs-Erigné,,,,,,,,,,,
49620,CYBERCENTRE - ERN ValMauges,Place du Bourg Davy (La Pommeraye) 49620 Mauges-sur-Loire,,,,,,,,,,,
49630,Espace Public Numérique de CORNé,39 Place Paul Mauget (Corné) 49630 Loire-Authion,,,,,,,,,,,
49640,,4 Rue des écoles (Daumeray) 49640 Morannes sur Sarthe-Daumeray,,,,,,,,,,,
49650,Espace Public Numérique Brainois,Place de la Mairie 49650 Brain-sur-Allonnes,,,,,,,,,,,
49700,Espace Multimédia,5 Place de Justice de Paix (Doué-la-Fontaine) 49700 Doué-en-Anjou,+33 2 41 59 84 52,http://pagesperso-orange.fr/csdoue/cariboost1/crbst_0.html,,,,,,,,,
49730,Club Informatique RAVI,10 B Rue de la Loire 49730 Varennes-sur-Loire,0241673427ou02415,http://perso.wanadoo.fr/ravi.varennes,,,,,,,,,
49800,A.I.D.A.L,Rue du 8 Mai 1945 (Andard) 49800 Loire-Authion,,,,,,,,,,,
49800,Point Cyb LA DAGUENIERE,29 Rue Ligerienne (La Daguenière) 49800 Loire-Authion,,,,,,,,,,,
49800,Point Cyb LA BOHALLE,Passage de la Mairie (La Daguenière) 49800 Loire-Authion,,,,,,,,,,,
49800,Point Cyb – Médiathèque des 4 vents,2 Rue de la Croix de Bois (Brain-sur-l'Authion) 49800 Loire-Authion,,,,,,,,,,,
49800,Cybercentre de Trélazé,18 Rue Ludovic Menard 49800 Trélazé,,,,,,,,,,,
53100,PIJ,44 Place Gambetta 53100 Mayenne,06 78 29 73 99,http://lespossibles.org/,Florine Olivier,pij@lespossibles.org,,,,,,,
53100,Médiathèque Le Grand Nord,Esplanade François Mitterrand 53100 Mayenne,02 43 11 19 70,http://www.legrandnord.fr/,,mediatheque@legrandnord.fr,Espace dédié à la culture scientifique; technique et numérique a ouvert ses portes à la médiathèque JL Trassard : un miniLab; un espace inspiré des FabLabs. Lieu d’expérimentation; il met à votre disposition des machines pilotées par ordinateur afin de co,Pour utiliser les machines; il faut être adhérent de la médiathèque.Une participation financière est demandée pour les frais des consommables (à partir de 0.50 €),,Tous publics ,,,
53110,Maison de service au Public Mayenne Communauté,18 place du 8 Mai 1945 – BP 18b,02 43 04 71 53,http://www.lassay-les-chateaux.fr/actualites/,,,,,,,,,
53140,La Maison de Services Au Public Pré-en-Pail-Saint-Samson,1 Rue de la Corniche de Pail (Pré-en-Pail) 53140 Pré-en-Pail-Saint-Samson,02 43 04 63 75,https://www.maisondeservicesaupublic.fr/content/pre-en-pail-saint-samson,,rsp@cc-montdesavaloirs.fr,,,,,,,
53160,La MSAP des Coëvrons,2 Avenue Auguste Janvier 53160 Bais,243377100,https://www.coevrons.fr/sites/www.coevrons.fr/files/atoms/files/msap_bais_plaquette.pdf,Catherine Mézange,mailto:msap-bais@coevrons.fr,, d'information et d'orientation du public. L'aide dans les d??marches est possible gr?óce aux diff??rents contacts que poss?Îde l'animatrice dans chaque administration ou organisme partenaire.,,,,,
53170,La Maison de services au public du Pays de Meslay-Grez,1 Voie de la Guiternièe 53170 Meslay-du-Maine,243642406,http://www.paysmeslaygrez.fr/,,msap@paysmeslaygrez.fr,envoi de courriel,,,,,,
53170,L'Espace multimédia du Pays de Meslay-Grez,1 Voie de la Guiternière 53170 Meslay-du-Maine,02.43.64.29.00,http://www.paysmeslaygrez.fr/HABITER/Services-aux-particuliers/Espace-Multimedia/L-acces-a-l-informatique-pour-tous,,,L'Espace Multimédia est un véritable lieu de démocratisation de l'informatique et d'Internet.,Accessible à tous aux horaires d'ouverture du Pôle Intercommunal,ateliers d'initiation et de formation à l'informatique,Tous publics ,8 postes sont à la disposition du publi,,
53200,Communauté de Communes du Pays de Château-Gontier,23 Place de la République 53200 Château-Gontier,02.43.09.50.53 ,http://mediatheque.chateaugontier.fr/,,,Mise à disposition d’outils numériques ,Tous publics ,,Tous publics ,Dix postes informatiques et six tablettes tactiles; chaque poste est équipé d'un traitement de texte; d'un tableur et d'une connexion sécurisée à internet; casques,,
53300,La Maison de services au public,6 Place du Château 53300 Ambrières-les-Vallées,,,,directiontechnique@cc-bocagemayennais.fr,,,,,,,
53320,La Maison de services au public (MSAP) du Pays de Loiron ,La Chapelle du Chêne (Loiron) 53320 Loiron-Ruillé,tel:0243021931,https://www.maisondeservicesaupublic.fr/content/laval-agglomeration-pole-loiron,,msap@agglo-laval.fr, déclarations; démarches administratives, habitat,,,,,
53400,Maison de services au public Pays de Craon,29 Rue de la Libération 53400 Craon,02.43.09.09.65,https://www.maisondeservicesaupublic.fr/content/pays-de-craon,,msap@cias.paysdecraon.fr,La MSAP du Pays de Craon vous accueille dans les locaux du Centre intercommunal d’action sociale du Pays de Craon. Relai de proximité; la MSAP vous offre un 1er niveau d’information; vous oriente et vous accompagne dans les démarches; notamment dans l’uti,Tous publics,,Tous publics ,Tous publics ,,
53500,La Maison de services au public,Parc d'Activités de la Querminais 53500 Ernée ,02.43.05.46.31,http://www.cc-lernee.fr/,,msap@lernee.fr,,,,,,,
53600,La Maison de Services au Public d'Evron,,tel:02%2043%2001%2078%2003,https://www.coevrons.fr/acteurs-services/maison-de-services-au-public-Evron,ElisabethPérigois,,,,,,,,
53600,Espace Coëvrons,Avenue Raoul Vadepied 53600 Châtres-la-Forêt,02.43.66.32.00,https://www.coevrons.fr/,,,,,,,,,
53700,Communauté de Communes du Mont des Avaloirs,17 Boulevard du Général de Gaulle 53700 Villaines-la-Juhel,02.43.30.13.13,https://www.cc-montdesavaloirs.fr/,,centre.ressources@cc-montdesavaloirs.fr,,,,,,,
72100,Azimconsulting,19 Boulevard Marie et Alexandre Oyon 72100 Le Mans,06 09 98 19 89,https://www.azimconsulting.com/,,,,,,,,,
72100,Centre culturel L' Espal,62 Rue de l'Esterel 72100 Le Mans,tel:02%2043%2050%2021%2050,https://www.quinconces-espal.com/les-quinconces-lespal,,,,,,,,,
72100,Mission Locale de l'Agglomération Mancelle,5 BIS Boulevard Winston Churchill 72100 Le Mans (??) ,tel:0243841660,https://www.gralon.net/mairies-france/sarthe/service-mission-locale-de-l-agglomeration-mancelle-le-mans_12192.htm#,,,,,,,,,
72100,Maison de l'Emploi et de la Formation Le Mans Métropole Pays du Mans,Place des Sablons 72100 Le Mans,243849092,https://www.cchautesarthealpesmancelles.fr/,,,,,,,,,
72120,Espace Emploi Formation St Calais,17 Rue Fernand Poignant 72120 Saint-Calais,02 43 63 00 78,http://www.cyber-base.org/ ,,,,,,,,,
72130,Haute Sarthe Alpes Mancelles,2 Rue de l'Abbé Lelievre 72130 Fresnay-sur-Sarthe,02 43 33 33 99,,,,,,,,,,
72130,Déclic Pays Fresnois,2 Rue de l'Abbé Lelievre 72130 Fresnay-sur-Sarthe,2.43.34.34.59,http://alpesmancelles.e-monsite.com/pages/social/declic-pays-fresnois.html,,,,,,,,,
72130,Cyber-Base des Alpes Mancelles,Place Bassum 72130 Fresnay-sur-Sarthe,02 43 34 45 13,http://www.cyber-base.org/ ,,mailto:cyberbase@ccalpesmancelles.fr,Thématiques d'atelier: Audio/photo/vidéoBureautiqueInformatiqueInternetServices: Accès libreAteliers collectifs,Profil(s): Jeunes Adultes SeniorsCréateurs d’entreprise Tarifs: Adhésions : 20 € / anConsultations libres : connexion sans adhésion : 1 € / heureAteliers : gratuit si adhésion,,Tous publics ,,,
72140,Cybercentre /Réseau Cyber-Base du Maine Normand,30 Rue du Docteur Touchard 72140 Sillé-le-Guillaume,02 43 20 36 07,https://www.sille-le-guillaume.fr/contacts/cybercentre/,,cybercentre@cc-paysdesille.fr,,,,,,,
72150,Centre social Belleville,2 Rue de Belleville 72150 Le Grand-Lucé,02 43 40 92 76,http://www.centresocial-legrandluce.fr/,Monsieur Yohan Ragaigne,centresocial.legrandluce@wanadoo.fr,,,,,,,
72160,Cyber-base Tuffé,4 Passage de la Gare (proche bibliothèque) 72160 Tuffé Val de la Chéronne,02.43.71.86.20,http://www.tuffe.fr/cyberbase,,mailto:cybertuffe@lalaverie.org,Tous les ordinateurs des espaces numériques sont équipés d’une suite de logiciels propriétaires et libres allant de la navigation sur Internet à la retouche photo passant par le traitement de texte; le tableur,Tous publics,,Tous publics ,,,
72160,ESPACE PUBLIC NUMÉRIQUE,1 Rue de l'Abreuvoir 72160 Connerré ,02 43 82 45 22,https://www.cc-gesnoisbilurien.fr/culture-loisirs/espaces-publics-numeriques,,cyberbase@cc-brieresgesnois.fr,Unespace pour consulterInternet; imprimer et scanner.Un accès à l'e-administration.Un accompagnement adaptéaux besoins et au niveau dechacun en informatique.,,,,,,
72170,Espace Emploi Formation Beaumont MDE ML,13 Place de la Libération 72170 Beaumont-sur-Sarthe,02 22 51 17 92,http://annuaire.mediation-numerique.fr/epn_2718.html,CARLIER Claudine ,mailto:ccarlier@cyber-base.org,Initiation individuelle et de groupes aux usages d'Internet et des outils numériques LABEL NETPUBLIC,,,Tout public,,,
72190,Mission Locale Nord - COULAINES,4 Place de l'Europe 72190 Coulaines,243841660,https://www.coulaines.fr/contacts/mission-locale/,,,,,,,,,
72200,POINT INFORMATION JEUNESSE,48 Boulevard Gambetta 72200 La Flèche,02 43 45 68 55,https://www.infos-jeunes.fr/carte-du-reseau-information-jeunesse/point-information-jeunesse-la-fleche,,pij@cc-paysflechois.fr,,,,,,,
72200,Sablé-sur-Sarthe MDE Sarthe Sud,3 Rue Nicolas Appert 72200 La Flèche,02 43 92 67 10,,,mde.sarthesud@orange.fr,,,,,,,
72210,Espace emploi Roëzé,27 rue du 11 novembre – BP 26 72210 LA SUZE SUR SARTHE ,02 43 83 51 12,https://www.val-de-sarthe.fr/economie-decouverte/service-emploi/,,emploi.social@cc-valdesarthe.fr,Emploi; formation; orientation; insertion; le service emploi du Val de Sarthe est à la disposition des salariés; des demandeurs d’emploi et des employeurs. Il propose un accompagnement personnalisé et adapté en collaboration avec Pôle Emploi.,Habitants de la CC ,,Demandeurs d’emploi; salariés en activité; congé parental; intérim; employeurs ,,,
72230,Le Mans MDE Sarthe Centre,26 Avenue de la Paix 72230 Arnage,,,,depar@wanadoo.fr,,,,,,,
72240,Centre social Conlie,Allée Marie Louise Souty 72240 Conlie,02.43.52.11.50.,https://www.facebook.com/CSMLSouty/,,,,,,,,,
72240,CyberCentre de Conlie,4 Rue de Gaucher 72240 Conlie,02 43 52 06 11,cybercentres.4cps.org,,mailto:cybercentre@4c-conlie.fr,Le CyberCentre de Conlie vous propose des animations autour de la photo numérique; des tablettes et des smartphones; ainsi que des temps d’accompagnement personnalisé pour développer vos projets.,Tous publics ,,Tous publics ,,,
72250,Syndicat Mixte du Sud-Est Manceau,Rue des écoles 72250 Parigné-l'évèque,,,,,,,,,,,
72250,SMiDeN & Cybercentre,Rue Des Ecoles; 72250 Parigné-l'Évêque,02 43 40 15 15,http://www.smiden.fr/site/?fbclid=IwAR1iEQzRVc3luyNOVWRKWleggSFgzCkOSHY6Ej1Uokl2BJCpahbnqyAiIUw,,mailto:contact@smiden.fr,Deux espaces pour accueillir le public souhaitant utiliser un ordinateur ou bien demander des renseignements informatiques.,Tout public,,,8 ordinateurs à disposition; logiciels à jour; imprimante sur place,,
72260,Le bureau de poste,4 BIS Rue du Général de Gaulle 72260 Marolles-les-Braults,,,,,,,,,,,
72260,Espace Public Numérique,7 Place Henri Coutard 72260 Marolles-les-Braults,02.43.33.50.24,http://www.cc-pays-marollais.com/cyber-base/,,cyber.marolles@mainesaosnois.fr,Utilisez et apprenez l’informatique dans un espace public numérique. Débutant ou initié; vous souhaitez découvrir Internet et les outils multimédia; bénéficier d’un accompagnement pour mener à bien vos démarches ou vos recherches; un animateur saura répon,Tarifs 2019 :Abonnement (accès libre aux outils) GratuitImpression : 10 cts noir et blanc ; 50 cts couleur; 5cts le CVAtelier collectif  : 1€Atelier individuel  : 2€Accompagnement : 1er quart d’heure gratuite puis 2€ le suivantAccompagnement démarches adm,,Tous publics ,,,
72270,cyber centre du Pays Malicornais,24 BIS Rue Victor Hugo 72270 Malicorne-sur-Sarthe,,,,,,,,,,,
72290,MSAP,20 Rue Paul Ilias (Ballon) 72290 Ballon-Saint Mars,,,,,,,,,,,
72290,Centre Social Intercommunal de Ballon,Rue Pierre Mendès France (Ballon) 72290 Ballon-Saint Mars,,,,,,,,,,,
72300,Cybercentre,Place Raphaël Elize 72300 Sablé-sur-Sarthe,02 43 62 02 27,https://www.parcoursnumeriques.net/annuaire/cybercentreern-de-sable-sur-sarthe,Communauté de communes de Sablé sur Sarthe,mailto:cybercentre@proxiland.fr,Services: Accès libre; Ateliers collectifs,gratuit; tous publics ,,Tous publics ,,,
72340,MSAP,Place de l'Hotel de Ville 72340 La Chartre-sur-le-Loir,,,,,,,,,,,
72340,,36 Rue Gervais Chevallier 72340 La Chartre-sur-le-Loir,,,,,,,,,,,
72340,Centre social les trèfles,36 Rue Gervais Chevallier 72340 La Chartre-sur-le-Loir,02 43 44 40 97,http://www.lachartresurleloir.fr/wa_files/PLAQUETTE_20CENTRE_20SOCIAL_20JANVIER_202013.pdf,Pre?sidente : Chantal GUILLERM,mailto:contact@centresocial-lestrefles, pôle enfance / jeunesse; le pôle famille; le pole petite enfance; pôle insertion; club d’e?changes de savoir; cyber base ,Habitants de la commune ,,Tout public,acce?s a? 3 postes informatiques; imprimante; scanner; copieur; te?le?phone (gratuit vers les lignes fixes); documentation sur la recherche d’emploi,,
72350, la Mission Locale,1 Place Albert Liebault 72350 Brûlon,,,, le Conciliateur de Justice,,,,,,,
72350,RELAIS SERVICES PUBLICS,Place Albert Liebault 72350 Brûlon,02 43 95 51 78,http://www.mairie-brulon.fr/-Maison-de-services-au-public-Msap-,Myriam BRIOT  ,msap.brulon@orange.fr,Des postes informatiques sont mis à disposition pour effectuer vos démarches en ligne avec l’aide de l’Agent d’Accueil si besoin.,Tous publics,,Tous publics ,,,
72400,Maison de l'emploi Sarthe Nord,45 BIS Avenue du Général de Gaulle 72400 La Ferté-Bernard,,,,,,,,,,,
72400,Cybercentre de La Ferté Bernard,3 Rue du Moulin Tan 72400 La Ferté-Bernard,02 43 93 48 61,https://www.lalaverie.org/spip3.1/spip.php?rubrique1,Communauté de communes de l'Huisne Sarthoise,mailto:jurullier@cyber-base.org,Thématiques d'atelier: Audio/photo/vidéoBureautiqueInformatiqueInternetRecherche d’emploi,Tous publics; Tarifs: Consultations libres :- connexion sans adhésion : 1 € / 45 minAteliers :prix : 2;5 € / atelier,,Tous publics ,Matériel: Scanner appareil photo Vidéo projecteur Imprimante couleur,,
72430,Le bureau de poste,20 Rue Pasteur 72430 Noyen-sur-Sarthe,,,,,,,,,,,
72440,Centre Social Bouloire,3 Rue du Collège 72440 Bouloire,,,,,,,,,,,
72450,Centre social Montfort,Place Jacques Moreau 72450 Montfort-le-Gesnois,02 43 76 70 25,http://cslares.fr/index.php/le-centre-social,Mme Christine Marchand (présidente),contact@cslares.fr,Accueil publics fragilisés; animations sociales,Être une personne éloignée de l’emploi,, publics fragilisés/sans emploi,,,
72460,Cybercentre de Savigné L'EvÉque,112 Grande Rue 72460 Savigné l'évèque,02 43 27 29 41,https://www.cc-gesnoisbilurien.fr/culture-loisirs/espaces-publics-numeriques,,mailto:cybercentre@cc-gesnoisbilurien.fr,Un espace pour consulter Internet; imprimer et scanner ;Un accompagnement adapté aux besoins et au niveau de chacun en informatique ;Un accès à l’e-administration ;La découverte de nouvelles technologies Un lieu convivial fait de rencontres et d’échanges.,Adhésion annuelle de date à date : 5€ pour les résidents de la communauté de communes Le Gesnois Bilurien (15€ pour les personnes ne résidant pas la communauté de communes)Adhésion horaire : 1€ de l’heureAdhésion semaine (uniquement en juillet et en août),,Tous publics ,,,
72470,Cyber-base de Champagné,Rue Jacques Guède 72470 Champagné,,,,,,,,,,,
72500,Espace Loir et Bercé,4 Rue de la Bascule (Château-du-Loir) 72500 Montval-sur-Loir,06 29 71 23 35,https://www.loirluceberce.fr/epn,Pierrick Jousse ,mailto:pierrick.jousse@loirluceberce.fr,L’Espace Public Numérique propose des ateliers d’initiation et de perfectionnement en informatique auprès des habitants.Ayant réussi à s’adapter aux évolutions des technologies et aux pratiques de ses usagers; cet espace permet à tous de s’initier aux out,Habitants du Loir et Bercé ,,Tous publics ,,,
72500,PL Vouvray,Place Arsène Baussant (Vouvray-sur-Loir) 72500 Montval-sur-Loir,,,,,,,,,,,
72500,PL BPDB,Le Point du Jour 72500 Beaumont-Pied-de-Boeuf,,,,,,,,,,,
72500,PL Dissay,Place de la Mairie 72500 Dissay-sous-Courcillon,,,,,,,,,,,
72500,POINT INFORMATION JEUNESSE - CHÂTEAU DU LOIR,16 rue du 11 novembre (Château-du-Loir) 72500 Montval-sur-Loir,02 43 79 24 87,https://www.infos-jeunes.fr/carte-du-reseau-information-jeunesse/point-information-jeunesse-chateau-du-loir,,mailto:chateauduloir@ml-sartheloir.fr,Aide aux CV et lettres de motivationAccès PC et Internet (cyberbase)Accueil groupes,jeunes; habitant de la comcom ,,Tous publics ,,,
72510,Le bureau de poste,7 Rue de la Poste 72510 Mansigné,,,,,,,,,,,
72540,Centre d'Accueil Communal de Loué,Rue Ricordeau 72540 Loué,,http://www.cyber-base.org/ ,,,,,,,,,
72600,Mission Locale Nord Sarthe - Cyber-base emploi,Place Carnot 72600 Mamers,,,,,,,,,,,
72600,Cybercentre du Saosnois (site de Mamers),1 B Rue Ernest Renan 72600 Mamers,,,,,,,,,,,
72610,Centre Social - Oisseau le petit,15 Rue des Champs Roux 72610 Oisseau-le-Petit,,,,,,,,,,,
72700,Cyber@spay,12 Rue édouard Moriceau 72700 Spay,,,,,,,,,,,
72700,PAIO - Rives de Sarthe – Le Cube,12 Rue Georges Bizet 72700 Allonnes/Rue Jean Behra72700 Allonnes,02 85 29 75 49,http://www.allonnes.fr/a-vivre/lemploi/le-cube,,,Le Cube est un lieu de médiation pour les personnes qui rencontrent des difficultés et/ou qui désirent apprendre à utiliser l'outil informatique.,Habitants Allonnes ,,Tout public,ordinateurs et tablettes en libre service. Mais aussi de la documentation à la libre consultation.,,
72800,,Place Neuve 72800 Le Lude,,,,,,,,,,,
72800,Cybercentre du Pays du Loire,Allée de l'Ancienne Gare 72800 Le Lude,,,,,,,,,,,
72800,La Communauté de Communes Sud Sarthe,5 Rue des Écoles; 72800 Aubigné-Racan,02 85 29 12 00,https://www.comcomsudsarthe.fr/la-cc-sud-sarthe,PrésidentM. François BOUSSARD,mailto:accueil@comcomsudsarthe.fr?subject=Écrire%20à%20la%20CC%20Sud%20Sarthe,Accès au numérique et à Internet/outils de bureautiqueAccompagnement individuel au numériqueAteliers d'initiation et de perfectionnement,Tout public,,,Impression A4 et A3Scans,,
85000,Espace Public Numérique de la Roche sur Yon,86 Rue Jean Launois 85000 La Roche-sur-Yon,,,,,,,,,,,
85100,Espace Multimédia,Rue de Verdun 85100 Les Sables-d'Olonne,,,,,,,,,,,
85120,La Châtaigneraie,7 Place de la République 85120 La Châtaigneraie,,https://www.facebook.com/MSAPCHATIAGNERAIE85/,,,Accompagnement aux démarches relevant de plusieurs administrations ou organismes publics. Une animatrice délivre un premier niveau d'information et d'accompagnement de plusieurs natures,,,,,,
85120,Espace Multimédia Louis Blanchet,Rue Augustin de Hargues 85120 La Tardière,+33 2 51 69 61 10,http://tardiere.free.fr/,,,,,,,,,
85140,cyber centre,Place de la Mairie (Les Essarts) 85140 Essarts en Bocage,,,,,,,,,,,
85180,Bibliothèque Michel Raimbaud,Boulevard des Anciens Combattants Afn 85180 Château-d'Olonne,02 51 32 96 73,https://www.lessablesdolonne.fr/culture-patrimoine/culture/mediatheque-michel-raimbaud,Responsable                       Mme. Nathalie Brosseau,,,Tout public,,,,,
85190,CYBER ESPACE,Rue de Lattre de Tassigny 85190 Venansault,+33 2 51 07 32 10,,,,,,,,,,
85190,Cyberclub-Acces,10 Rue du Calvaire 85190 Maché,,,,,,,,,,,
85200,Foyer Sud Vendée les 3 Portes-PIJ,16 Rue des Gravants 85200 Fontenay-le-Comte,,,,,,,,,,,
85210,MSAP,41 BIS Rue Georges Clemenceau 85210 Sainte-Hermine,,,,,,,,,,,
85300,Cybercentre de la ville de Challans,Boulevard René Bazin 85300 Challans,,,,,,,,,,,
85350,Espace Numérique – Pôle Économique,49 Rue des Bossilles 85350 L'île-d'Yeu,02 51 59 44 76,https://www.mairie.ile-yeu.fr/espace-numerique/?fbclid=IwAR2wcC7Y1HlsWZXodjhC7d5BRjVEQNki89Uh544-PWzsbf4sYp7KvT2MEX0,,ern@ile-yeu.fr,sensibiliser et d’initier à Internet & au multimédia et à la bureautique. Cet espace n’est pas un centre de formation au sens strict. Néanmoins il certifie de la maîtrise de certaines aptitudes. C’est avant tout un lieu de vie qui offre des outils de déve,Tout public,,Tout public,utilisation de logiciels libres (LibreOffice; Firefox; Sumatra PDF; 7-zip… ) et tentons de vous faire découvrir les systèmes d’exploitation Linux avec des initiations programmées régulièrement.,,
85400,Campus Foyer des jeunes,6 Rue Saint-Mathurin 85400 Luron,+33 2 51 56 03 66,http://www.le-campus.org/,,,,,,,,,
85440,Cybercentre du Talmondais (ERN),8 Rue de l'Hôtel de Ville 85440 Talmont-Saint-Hilaire,,,,,,,,,,,
85450,,43 BIS Rue du 11 Novembre 85450 Chaillé-les-Marais,,,,,une aide relative aux téléprocédures via le site ANTS est possible concernant les démarches pour les pièces d'identité,,,C'est pour tous les habitants,,,
85450,BIBLIOTHEQUE MUNICIPALE,Rue du Puits Chioux 85450 Champagné-les-Marais,,,,,,,,,,,
85490,MSAP,Rue de la Combe 85490 Benet,,,,,,,,,,,
85500,Les Herbiers (Cybercentre),Rue de l'Etenduère 85500 Les Herbiers,,,,,,,,,,,
85540,Le bureau de poste,29 Avenue Georges Clemenceau 85540 Moutiers-les-Mauxfaits,,,,,,,,,,,
85670, la MSA,Rue Georges Clemenceau 85670 Palluau,,, la conseillière départementale,, le conciliateur de justice,,,,,,
85700,MSAP,La Fournière 85700 Pouzauges,,,,,,,,,,,
85700,Cybercentre du Pays de Pouzauges,Route de Linaudière 85700 Pouzauges,,,,,,,,,,,
44160 ,,2 Rue des Châtaigniers 44160 Pontchâteau,,,,,,gratuit,,Un service de proximité pour demandeurs d'emploi,,,
72220,https://www.cc-berce-belinois.fr/wp-content/uploads/2019/09/plaquette-EREF-2019.pdf,1 Rue Sainte-Anne 72220 Ecommoy,02.43.42.68.76,https://www.cc-berce-belinois.fr/de-26-ans-2,Mme Jean CREMEY (tout public),mailto:jean.cremey@belinois.fr,Infos; conseils; accès droits; mobilité; prévention; formations entretiens d’embauche ,Si la personne réside ou travaillesur le territoire de l’Ore?e de Berce?-Belinois,,Tout public jeunes de -14 ans (PIJ); demandeurs d’emploi ou entreprises  ,Ordinateurs; scanners; imprimantes ,,